,href,label,confidence,box,time,count,motorcycle,traffic light,car,truck,person,type,coordinates,region,title,view,direction
0,https://www.rms.nsw.gov.au/trafficreports/cameras/camera_images/5ways.jpg,[],[],[],['2020/04/13-23:39:24'],Counter(),0.0,0.0,0.0,0.0,0.0,Point,"[151.10533, -34.02977]",SYD_SOUTH,5 Ways (Miranda),5 ways at The Boulevarde looking west towards Sutherland.,W
1,https://www.rms.nsw.gov.au/trafficreports/cameras/camera_images/alisonrd_randwick.jpg,['motorcycle'],[0.6554448008537292],"[[124, 121, 144, 134]]",['2020/04/13-23:39:25'],Counter({'motorcycle': 1}),1.0,0.0,0.0,0.0,0.0,Point,"[151.23122, -33.90641]",SYD_MET,Alison Road (Randwick),Alison Road at Darley Road looking north-west towards Anzac Parade.,N-W
2,https://www.rms.nsw.gov.au/trafficreports/cameras/camera_images/anzacbr.jpg,[],[],[],['2020/04/13-23:39:26'],Counter(),0.0,0.0,0.0,0.0,0.0,Point,"[151.18022, -33.86789]",SYD_MET,Anzac Bridge (Eastbound),Intersection of Victoria Road and Anzac Bridge looking east towards the Sydney CBD.,E
3,https://www.rms.nsw.gov.au/trafficreports/cameras/camera_images/anzacpde.jpg,[],[],[],['2020/04/13-23:39:26'],Counter(),0.0,0.0,0.0,0.0,0.0,Point,"[151.22151, -33.89534]",SYD_MET,Anzac Parade (Moore Park),Corner of Anzac Parade and Cleveland Street looking south towards Randwick.,S
4,https://www.rms.nsw.gov.au/trafficreports/cameras/camera_images/churchst_parra.jpg,[],[],[],['2020/04/13-23:39:27'],Counter(),0.0,0.0,0.0,0.0,0.0,Point,"[151.00533, -33.80866]",SYD_WEST,Church Street (Parramatta),Corner of Church Street and Victoria Road looking north towards Northmead.,N
5,https://www.rms.nsw.gov.au/trafficreports/cameras/camera_images/citywestlink.jpg,"['traffic light', 'car']","[0.5731760859489441, 0.5710000991821289]","[[190, 144, 197, 154], [297, 200, 316, 219]]",['2020/04/13-23:39:28'],"Counter({'traffic light': 1, 'car': 1})",0.0,1.0,1.0,0.0,0.0,Point,"[151.17183, -33.87175]",SYD_MET,City West Link,City West Link at Lilyfield looking east towards Victoria Road intersection.,E
6,https://www.rms.nsw.gov.au/trafficreports/cameras/camera_images/cumberlandhwy_carlingford.jpg,[],[],[],['2020/04/13-23:39:29'],Counter(),0.0,0.0,0.0,0.0,0.0,Point,"[151.05237, -33.77967]",SYD_NORTH,Cumberland Highway (Carlingford),Cumberland Highway at Marsden Road looking north towards Beecroft.,N
7,https://www.rms.nsw.gov.au/trafficreports/cameras/camera_images/cumberlandhwy_merrylands.jpg,"['car', 'traffic light']","[0.8338463306427002, 0.8008666038513184]","[[208, 153, 224, 165], [452, 161, 461, 176]]",['2020/04/13-23:39:30'],"Counter({'car': 1, 'traffic light': 1})",0.0,1.0,1.0,0.0,0.0,Point,"[150.96039, -33.83031]",SYD_WEST,Cumberland Highway (Merrylands),Cumberland Highway at Merrylands Road looking north towards the M4 Western Motorway.,N
8,https://www.rms.nsw.gov.au/trafficreports/cameras/camera_images/easterndist.jpg,[],[],[],['2020/04/13-23:39:30'],Counter(),0.0,0.0,0.0,0.0,0.0,Point,"[151.21303, -33.90964]",SYD_MET,Eastern Distributor (Zetland),Southern end of the Eastern Distributor tunnel near the Link Road on-ramp looking north towards Sydney.,N
9,https://www.rms.nsw.gov.au/trafficreports/cameras/camera_images/f3_kariong.jpg,[],[],[],['2020/04/13-23:39:32'],Counter(),0.0,0.0,0.0,0.0,0.0,Point,"[151.29416, -33.4184]",REG_NORTH,M1 Pacific Motorway (Kariong),M1 Pacific Motorway at the Kariong on ramp looking south towards Sydney.,S
10,https://www.rms.nsw.gov.au/trafficreports/cameras/camera_images/f3_mooney.jpg,[],[],[],['2020/04/13-23:39:32'],Counter(),0.0,0.0,0.0,0.0,0.0,Point,"[151.20082, -33.53074]",REG_NORTH,M1 Pacific Motorway (Hawkesbury River),M1 Pacific Motorway crossing the Hawkesbury River Bridge looking south towards Sydney.,S
11,https://www.rms.nsw.gov.au/trafficreports/cameras/camera_images/f3_mountwhite.jpg,[],[],[],['2020/04/13-23:39:33'],Counter(),0.0,0.0,0.0,0.0,0.0,Point,"[151.20595, -33.45451]",REG_NORTH,M1 Pacific Motorway (Mount White),M1 Pacific Motorway at the Mount White heavy vehicle checking station looking north towards Calga.,N
12,https://www.rms.nsw.gov.au/trafficreports/cameras/camera_images/f3_ourimbah.jpg,[],[],[],['2020/04/13-23:39:34'],Counter(),0.0,0.0,0.0,0.0,0.0,Point,"[151.36906, -33.34475]",REG_NORTH,M1 Pacific Motorway (Ourimbah),M1 Pacific Motorway at Ourimbah on ramp looking north towards Wyong.,N
13,https://www.rms.nsw.gov.au/trafficreports/cameras/camera_images/f3_wahroonga.jpg,[],[],[],['2020/04/13-23:39:35'],Counter(),0.0,0.0,0.0,0.0,0.0,Point,"[151.10991, -33.71873]",REG_NORTH,M1 Pacific Motorway (Wahroonga),The Pacific Highway on ramp to the M1 Pacific Motorway looking north towards the Central Coast.,N
14,https://www.rms.nsw.gov.au/trafficreports/cameras/camera_images/f3_windybanks.jpg,[],[],[],['2020/04/13-23:39:36'],Counter(),0.0,0.0,0.0,0.0,0.0,Point,"[151.14775, -33.63605]",REG_NORTH,M1 Pacific Motorway (Windy Banks),M1 Pacific Motorway at the Windy Banks on ramp looking south towards Hornsby.,S
15,https://www.rms.nsw.gov.au/trafficreports/cameras/camera_images/falconst_crowsnest.jpg,['traffic light'],[0.5556795001029968],"[[287, 139, 342, 175]]",['2020/04/13-23:39:36'],Counter({'traffic light': 1}),0.0,1.0,0.0,0.0,0.0,Point,"[151.20084, -33.82768]",SYD_NORTH,Falcon Street (Crows Nest),Corner of Falcon Street and the Pacific Highway looking East towards the Warringah Freeway.,E
16,https://www.rms.nsw.gov.au/trafficreports/cameras/camera_images/ghd_airport.jpg,[],[],[],['2020/04/13-23:39:37'],Counter(),0.0,0.0,0.0,0.0,0.0,Point,"[151.18805, -33.94447]",SYD_MET,General Holmes Drive (Botany),General Holmes Drive at the east end of the Airport Tunnel looking east towards Botany.,E
17,https://www.rms.nsw.gov.au/trafficreports/cameras/camera_images/williamst.jpg,[],[],[],['2020/04/13-23:39:38'],Counter(),0.0,0.0,0.0,0.0,0.0,Point,"[151.2126, -33.87375]",SYD_MET,William Street (East Sydney),Corner of William Street and College Street near Hyde Park looking east towards Kings Cross.,E
18,https://www.rms.nsw.gov.au/trafficreports/cameras/camera_images/gladesvillebr.jpg,[],[],[],['2020/04/13-23:39:39'],Counter(),0.0,0.0,0.0,0.0,0.0,Point,"[151.15195, -33.84727]",SYD_MET,Gladesville Bridge (Drummoyne),Gladesville Bridge looking west towards Gladesville.,W
19,https://www.rms.nsw.gov.au/trafficreports/cameras/camera_images/humehwy_ashfield.jpg,[],[],[],['2020/04/13-23:39:41'],Counter(),0.0,0.0,0.0,0.0,0.0,Point,"[151.11737, -33.88851]",SYD_MET,Hume Highway (Ashfield),Corner of Hume Highway and Frederick Street looking west towards Strathfield.,W
20,https://www.rms.nsw.gov.au/trafficreports/cameras/camera_images/humehwy_bankstown.jpg,['truck'],[0.9420196413993835],"[[45, 91, 96, 143]]",['2020/04/13-23:39:42'],Counter({'truck': 1}),0.0,0.0,0.0,1.0,0.0,Point,"[151.04048, -33.90583]",SYD_SOUTH,Hume Highway (Bankstown),Corner of Hume Highway and Stacey Street looking east towards Strathfield.,E
21,https://www.rms.nsw.gov.au/trafficreports/cameras/camera_images/humehwy_campbelltown.jpg,[],[],[],['2020/04/13-23:39:43'],Counter(),0.0,0.0,0.0,0.0,0.0,Point,"[150.78532, -34.06199]",SYD_SOUTH,Hume Motorway (Campbelltown),Corner of Hume Motorway and Narellan Road looking north towards Liverpool.,N
22,https://www.rms.nsw.gov.au/trafficreports/cameras/camera_images/humehwy_liverpool.jpg,[],[],[],['2020/04/13-23:39:44'],Counter(),0.0,0.0,0.0,0.0,0.0,Point,"[150.92073, -33.91519]",SYD_SOUTH,"Hume Highway (Cumberland Highway, Liverpool)",Corner of Hume Highway and Cumberland Highway looking south towards Casula.,S
23,https://www.rms.nsw.gov.au/trafficreports/cameras/camera_images/humehwy_standrews.jpg,[],[],[],['2020/04/13-23:39:46'],Counter(),0.0,0.0,0.0,0.0,0.0,Point,"[150.82399, -34.02971]",SYD_SOUTH,Hume Motorway (St Andrews),Corner of Hume Motorway and Raby Road looking north towards Liverpool.,N
24,https://www.rms.nsw.gov.au/trafficreports/cameras/camera_images/humehwy_strathfield.jpg,[],[],[],['2020/04/13-23:39:46'],Counter(),0.0,0.0,0.0,0.0,0.0,Point,"[151.0681, -33.886]",SYD_MET,Hume Highway (Strathfield),Corner of Hume Highway and Roberts Road looking west towards Yagoona.,W
25,https://www.rms.nsw.gov.au/trafficreports/cameras/camera_images/humehwy_villawood.jpg,"['car', 'traffic light']","[0.7880287766456604, 0.5438987016677856]","[[58, 121, 74, 129], [384, 171, 402, 211]]",['2020/04/13-23:39:47'],"Counter({'car': 1, 'traffic light': 1})",0.0,1.0,1.0,0.0,0.0,Point,"[150.97311, -33.88951]",SYD_SOUTH,Hume Highway (Villawood),Corner of Hume Highway and Woodville Road looking east towards Bass Hill.,E
26,https://www.rms.nsw.gov.au/trafficreports/cameras/camera_images/jrd_rosehill.jpg,"['car', 'traffic light']","[0.9771907925605774, 0.5764765739440918]","[[128, 134, 175, 172], [214, 60, 223, 67]]",['2020/04/13-23:39:48'],"Counter({'car': 1, 'traffic light': 1})",0.0,1.0,1.0,0.0,0.0,Point,"[151.02188, -33.81927]",SYD_WEST,James Ruse Drive (Rosehill),James Ruse Drive at Grand Avenue looking north towards Rydalmere.,N
27,https://www.rms.nsw.gov.au/trafficreports/cameras/camera_images/knggrd_beverlyhills.jpg,"['car', 'car', 'car', 'traffic light', 'car']","[0.8869823813438416, 0.7249671816825867, 0.723380446434021, 0.5717788338661194, 0.5153617858886719]","[[286, 150, 300, 161], [218, 128, 231, 136], [273, 122, 287, 129], [250, 115, 258, 123], [141, 155, 157, 166]]",['2020/04/13-23:39:49'],"Counter({'car': 4, 'traffic light': 1})",0.0,1.0,4.0,0.0,0.0,Point,"[151.08347, -33.95253]",SYD_MET,King Georges Road (Beverly Hills),Corner of King Georges Road and Stoney Creek Road looking north towards Beverly Hills.,N
28,https://www.rms.nsw.gov.au/trafficreports/cameras/camera_images/m2_pennanthills.jpg,[],[],[],['2020/04/13-23:39:50'],Counter(),0.0,0.0,0.0,0.0,0.0,Point,"[151.04926, -33.75906]",SYD_NORTH,M2 (Pennant Hills),M2 at Pennant Hills Road looking west towards Baulkham Hills.,W
29,https://www.rms.nsw.gov.au/trafficreports/cameras/camera_images/m2_ryde.jpg,['traffic light'],[0.7983506321907043],"[[59, 143, 76, 185]]",['2020/04/13-23:39:51'],Counter({'traffic light': 1}),0.0,1.0,0.0,0.0,0.0,Point,"[151.13159, -33.78199]",SYD_NORTH,M2 (Ryde),M2 at the Lane Cove Road exit looking west towards Epping.,W
30,https://www.rms.nsw.gov.au/trafficreports/cameras/camera_images/m4_minchinbury.jpg,[],[],[],['2020/04/13-23:39:52'],Counter(),0.0,0.0,0.0,0.0,0.0,Point,"[150.84489, -33.79519]",SYD_WEST,M4 Western Motorway (Minchinbury),M4 Western Motorway at Wallgrove Road looking east towards Eastern Creek.,E
31,https://www.rms.nsw.gov.au/trafficreports/cameras/camera_images/m4_olympic.jpg,[],[],[],['2020/04/13-23:39:53'],Counter(),0.0,0.0,0.0,0.0,0.0,Point,"[151.06433, -33.85557]",SYD_MET,M4 Western Motorway (Olympic Park),M4 Western Motorway at Sydney Olympic Park looking east towards Strathfield.,E
32,https://www.rms.nsw.gov.au/trafficreports/cameras/camera_images/m4_prospect.jpg,[],[],[],['2020/04/13-23:39:54'],Counter(),0.0,0.0,0.0,0.0,0.0,Point,"[150.91589, -33.80546]",SYD_WEST,M4 Western Motorway (Prospect),M4 Western Motorway at the Prospect Highway exit ramp looking east towards Parramatta.,E
33,https://www.rms.nsw.gov.au/trafficreports/cameras/camera_images/m4_stmarys.jpg,[],[],[],['2020/04/13-23:39:55'],Counter(),0.0,0.0,0.0,0.0,0.0,Point,"[150.77086, -33.78512]",SYD_WEST,M4 Western Motorway (St Marys),M4 Western Motorway at Mamre Road looking west towards Penrith.,W
34,https://www.rms.nsw.gov.au/trafficreports/cameras/camera_images/m5_m7.jpg,[],[],[],['2020/04/13-23:39:56'],Counter(),0.0,0.0,0.0,0.0,0.0,Point,"[150.87645, -33.95648]",SYD_SOUTH,M5 / M7,Junction of M5 and M7 looking south towards Ingleburn.,S
35,https://www.rms.nsw.gov.au/trafficreports/cameras/camera_images/m5_liverpool.jpg,[],[],[],['2020/04/13-23:39:57'],Counter(),0.0,0.0,0.0,0.0,0.0,Point,"[150.9135, -33.93819]",SYD_SOUTH,M5 (Liverpool),M5 at Hume Highway looking east towards Sydney.,E
36,https://www.rms.nsw.gov.au/trafficreports/cameras/camera_images/m5_milperra.jpg,[],[],[],['2020/04/13-23:39:57'],Counter(),0.0,0.0,0.0,0.0,0.0,Point,"[150.98242, -33.94493]",SYD_SOUTH,M5 (Milperra),M5 Motorway at Henry Lawson Drive looking east towards Beverley Hills.,E
37,https://www.rms.nsw.gov.au/trafficreports/cameras/camera_images/m5east.jpg,[],[],[],['2020/04/13-23:39:58'],Counter(),0.0,0.0,0.0,0.0,0.0,Point,"[151.0769, -33.94291]",SYD_MET,M5 East (Beverly Hills),M5 East at the King Georges Road on ramp looking west towards Riverwood.,W
38,https://www.rms.nsw.gov.au/trafficreports/cameras/camera_images/m7_glenwood.jpg,[],[],[],['2020/04/13-23:39:59'],Counter(),0.0,0.0,0.0,0.0,0.0,Point,"[150.91777, -33.73796]",SYD_WEST,M7 (Glenwood),M7 Motorway at Sunnyholt Road looking east towards Bella Vista.,E
39,https://www.rms.nsw.gov.au/trafficreports/cameras/camera_images/m7_horsleydr.jpg,[],[],[],['2020/04/13-23:40:00'],Counter(),0.0,0.0,0.0,0.0,0.0,Point,"[150.85556, -33.84171]",SYD_WEST,M7 at The Horsley Drive (Horsley Park),M7 Motorway at The Horsley Drive looking south towards Hoxton Park.,S
40,https://www.rms.nsw.gov.au/trafficreports/cameras/camera_images/manlyrd.jpg,['person'],[0.7397058606147766],"[[2, 216, 86, 356]]",['2020/04/13-23:40:01'],Counter({'person': 1}),0.0,0.0,0.0,0.0,1.0,Point,"[151.24631, -33.8017]",SYD_NORTH,Manly Road (Seaforth),"Corner of Manly Road and Battle Boulevard near The Spit Bridge, looking north towards Manly.",N
41,https://www.rms.nsw.gov.au/trafficreports/cameras/camera_images/militaryrd_neutralbay.jpg,['traffic light'],[0.596615195274353],"[[78, 156, 89, 174]]",['2020/04/13-23:40:02'],Counter({'traffic light': 1}),0.0,1.0,0.0,0.0,0.0,Point,"[151.22231, -33.8315]",SYD_NORTH,Military Road (Neutral Bay),Military Road at Wycombe Road looking west towards the Warringah Freeway.,W
42,https://www.rms.nsw.gov.au/trafficreports/cameras/camera_images/oldwindsorrd.jpg,[],[],[],['2020/04/13-23:40:03'],Counter(),0.0,0.0,0.0,0.0,0.0,Point,"[150.93016, -33.70421]",SYD_WEST,Old Windsor Road (Beaumont Hills),The intersection of Old Windsor Road and Windsor Road looking south towards Parramatta.,S
43,https://www.rms.nsw.gov.au/trafficreports/cameras/camera_images/oldwindsorrd_winstonhills.jpg,[],[],[],['2020/04/13-23:40:04'],Counter(),0.0,0.0,0.0,0.0,0.0,Point,"[150.95857, -33.76579]",SYD_WEST,Old Windsor Road (Winston Hills),Old Windsor Road at Abbott Road looking north towards Bella Vista.,N
44,https://www.rms.nsw.gov.au/trafficreports/cameras/camera_images/pacific_chats.jpg,[],[],[],['2020/04/13-23:40:05'],Counter(),0.0,0.0,0.0,0.0,0.0,Point,"[151.17851, -33.79836]",SYD_NORTH,Pacific Highway (Chatswood),"Corner of the Pacific Highway and Centennial Avenue near Chatswood Park, looking south towards Sydney.",S
45,https://www.rms.nsw.gov.au/trafficreports/cameras/camera_images/pacific_pymble.jpg,['traffic light'],[0.9642428755760193],"[[0, 173, 16, 208]]",['2020/04/13-23:40:05'],Counter({'traffic light': 1}),0.0,1.0,0.0,0.0,0.0,Point,"[151.14731, -33.75077]",SYD_NORTH,Ryde Road (Pymble),Ryde Road at Pacific Highway looking south-west towards Ryde.,S-W
46,https://www.rms.nsw.gov.au/trafficreports/cameras/camera_images/parrard_leichhardt.jpg,[],[],[],['2020/04/13-23:40:06'],Counter(),0.0,0.0,0.0,0.0,0.0,Point,"[151.15317, -33.88904]",SYD_MET,Parramatta Road (Leichhardt),Parramatta Road at Elswick Street looking west towards Ashfield.,W
47,https://www.rms.nsw.gov.au/trafficreports/cameras/camera_images/parrard_parra.jpg,['car'],[0.8901825547218323],"[[128, 65, 159, 85]]",['2020/04/13-23:40:07'],Counter({'car': 1}),0.0,0.0,1.0,0.0,0.0,Point,"[151.00475, -33.82758]",SYD_WEST,Parramatta Road (Parramatta),Parramatta Road at Woodville Road looking east towards Auburn.,E
48,https://www.rms.nsw.gov.au/trafficreports/cameras/camera_images/parrard_silverwater.jpg,[],[],[],['2020/04/13-23:40:08'],Counter(),0.0,0.0,0.0,0.0,0.0,Point,"[151.04221, -33.84504]",SYD_MET,Parramatta Road (Silverwater),Parramatta Road at Silverwater Road looking west towards Parramatta.,W
49,https://www.rms.nsw.gov.au/trafficreports/cameras/camera_images/parrard_strathfield.jpg,[],[],[],['2020/04/13-23:40:09'],Counter(),0.0,0.0,0.0,0.0,0.0,Point,"[151.09364, -33.86652]",SYD_MET,Parramatta Road (Strathfield),Parramatta Road at Leicester Avenue looking east towards Burwood.,E
50,https://www.rms.nsw.gov.au/trafficreports/cameras/camera_images/pittwaterrd_narrabeen.jpg,['car'],[0.6279212236404419],"[[92, 45, 104, 54]]",['2020/04/13-23:40:10'],Counter({'car': 1}),0.0,0.0,1.0,0.0,0.0,Point,"[151.29582, -33.70989]",SYD_NORTH,Pittwater Road (Narrabeen),Pittwater Road at Wakehurst Parkway looking north towards Mona Vale.,N
51,https://www.rms.nsw.gov.au/trafficreports/cameras/camera_images/princes_blakehurst.jpg,"['car', 'car']","[0.6178984642028809, 0.5006617903709412]","[[27, 112, 49, 121], [152, 75, 166, 83]]",['2020/04/13-23:40:11'],Counter({'car': 2}),0.0,0.0,2.0,0.0,0.0,Point,"[151.11166, -33.98789]",SYD_MET,Princes Highway (Blakehurst),Princes Highway at the King Georges Road intersection looking south towards Sutherland.,S
52,https://www.rms.nsw.gov.au/trafficreports/cameras/camera_images/princes_kogarah.jpg,[],[],[],['2020/04/13-23:40:12'],Counter(),0.0,0.0,0.0,0.0,0.0,Point,"[151.13719, -33.96433]",SYD_MET,Princes Highway (Kogarah),Princes Highway at President Avenue looking south towards Ramsgate.,S
53,https://www.rms.nsw.gov.au/trafficreports/cameras/camera_images/princes_stpeters.jpg,['car'],[0.7825925350189209],"[[158, 176, 199, 215]]",['2020/04/13-23:40:12'],Counter({'car': 1}),0.0,0.0,1.0,0.0,0.0,Point,"[151.17467, -33.9156]",SYD_MET,Princes Highway (St Peters),Princes Highway at the Canal Road intersection looking north towards Sydney.,N
54,https://www.rms.nsw.gov.au/trafficreports/cameras/camera_images/rydebridge.jpg,['car'],[0.75227290391922],"[[246, 94, 271, 109]]",['2020/04/13-23:40:13'],Counter({'car': 1}),0.0,0.0,1.0,0.0,0.0,Point,"[151.09685, -33.82227]",SYD_NORTH,Ryde Bridge (Ryde),Church Street crossing Ryde Bridge looking north towards Ryde.,N
55,https://www.rms.nsw.gov.au/trafficreports/cameras/camera_images/sevenhillsrd_sevenhills.jpg,[],[],[],['2020/04/13-23:40:14'],Counter(),0.0,0.0,0.0,0.0,0.0,Point,"[150.9429, -33.76812]",SYD_WEST,Seven Hills Road (Seven Hills),Seven Hills Road at Abbot Road looking west towards Seven Hills.,W
56,https://www.rms.nsw.gov.au/trafficreports/cameras/camera_images/scd_eastlakes.jpg,[],[],[],['2020/04/13-23:40:15'],Counter(),0.0,0.0,0.0,0.0,0.0,Point,"[151.20738, -33.93581]",SYD_MET,Southern Cross Drive (Eastlakes),Southern Cross Drive at Wentworth Avenue looking south towards Mascot.,S
57,https://www.rms.nsw.gov.au/trafficreports/cameras/camera_images/stewartst_eastwood.jpg,[],[],[],['2020/04/13-23:40:16'],Counter(),0.0,0.0,0.0,0.0,0.0,Point,"[151.06529, -33.7965]",SYD_NORTH,Stewart Street (Eastwood),Corner of Stewart Street and Marsden Road looking west towards Parramatta.,W
58,https://www.rms.nsw.gov.au/trafficreports/cameras/camera_images/sed_bondijunction.jpg,['car'],[0.6379600167274475],"[[198, 135, 210, 144]]",['2020/04/13-23:40:17'],Counter({'car': 1}),0.0,0.0,1.0,0.0,0.0,Point,"[151.24969, -33.89104]",SYD_MET,Syd Einfeld Drive (Bondi Junction),Syd Einfeld Drive looking west towards Sydney CBD.,W
59,https://www.rms.nsw.gov.au/trafficreports/cameras/camera_images/harbourbridge.jpg,[],[],[],['2020/04/13-23:40:18'],Counter(),0.0,0.0,0.0,0.0,0.0,Point,"[151.21152, -33.85106]",SYD_MET,Sydney Harbour Bridge,Sydney Harbour Bridge deck looking south towards the Sydney CBD.,S
60,https://www.rms.nsw.gov.au/trafficreports/cameras/camera_images/grandpde_bls.jpg,"['car', 'traffic light']","[0.9815346002578735, 0.5708073973655701]","[[109, 122, 155, 147], [210, 67, 238, 117]]",['2020/04/13-23:40:19'],"Counter({'car': 1, 'traffic light': 1})",0.0,1.0,1.0,0.0,0.0,Point,"[151.15636, -33.9609]",SYD_MET,The Grand Parade (Brighton-Le-Sands),The Grand Parade at Bay Street looking north towards Sydney Airport.,N
61,https://www.rms.nsw.gov.au/trafficreports/cameras/camera_images/victoriard_gladesville.jpg,['car'],[0.5535463690757751],"[[178, 83, 193, 96]]",['2020/04/13-23:40:19'],Counter({'car': 1}),0.0,0.0,1.0,0.0,0.0,Point,"[151.12679, -33.83002]",SYD_NORTH,Victoria Road (Gladesville),Victoria Road at Pittwater Road looking north-west towards Ryde.,N-W
62,https://www.rms.nsw.gov.au/trafficreports/cameras/camera_images/warringahfwy.jpg,[],[],[],['2020/04/13-23:40:20'],Counter(),0.0,0.0,0.0,0.0,0.0,Point,"[151.21196, -33.83339]",SYD_NORTH,Warringah Freeway (North Sydney),"The Warringah Freeway, approaching the Sydney Harbour Tunnel looking south towards the city.",S
63,https://www.rms.nsw.gov.au/trafficreports/cameras/camera_images/warringahrd_forestville.jpg,[],[],[],['2020/04/13-23:40:21'],Counter(),0.0,0.0,0.0,0.0,0.0,Point,"[151.20522, -33.77139]",SYD_NORTH,Warringah Road (Forestville),Warringah Road at Healey Way looking east towards Frenchs Forest.,E
64,https://www.rms.nsw.gov.au/trafficreports/cameras/camera_images/warringahrd_frenchsforest.jpg,[],[],[],['2020/04/13-23:40:22'],Counter(),0.0,0.0,0.0,0.0,0.0,Point,"[151.22659, -33.75168]",SYD_NORTH,Warringah Road (Frenchs Forest),Warringah Road at Forest Way looking west towards Forestville.,W
65,https://www.rms.nsw.gov.au/trafficreports/cameras/camera_images/georgest.jpg,"['traffic light', 'traffic light']","[0.9688815474510193, 0.8707457184791565]","[[322, 152, 333, 175], [412, 199, 428, 224]]",['2020/04/13-23:40:23'],Counter({'traffic light': 2}),0.0,2.0,0.0,0.0,0.0,Point,"[151.2041, -33.88291]",SYD_MET,George Street (Railway square),"Railway Square, George Street looking north towards Sydney CBD.",N
66,https://www.rms.nsw.gov.au/trafficreports/cameras/camera_images/kosciuszkord_wilsonsvalley.jpg,[],[],[],['2020/04/13-23:40:24'],Counter(),0.0,0.0,0.0,0.0,0.0,Point,"[148.522067, -36.350024]",REG_SOUTH,Kosciuszko Road (Wilson's Valley),Wilson's Valley chain bay looking south-west towards Perisher Valley.,S-W
67,https://www.rms.nsw.gov.au/trafficreports/cameras/camera_images/eppingrd_macquariepark.jpg,"['traffic light', 'traffic light']","[0.6354014873504639, 0.6295565366744995]","[[249, 108, 258, 115], [321, 162, 331, 172]]",['2020/04/13-23:40:25'],Counter({'traffic light': 2}),0.0,2.0,0.0,0.0,0.0,Point,"[151.108333, -33.777707]",SYD_NORTH,Epping Road (Macquarie Park),Epping Road at Balaclava Road looking west towards Epping.,W
68,https://www.rms.nsw.gov.au/trafficreports/cameras/camera_images/pennanthillsrd_thornleigh.jpg,['car'],[0.7892827987670898],"[[222, 157, 270, 182]]",['2020/04/13-23:40:26'],Counter({'car': 1}),0.0,0.0,1.0,0.0,0.0,Point,"[151.081401, -33.730807]",SYD_NORTH,Pennant Hills Road (Thornleigh),Pennant Hills Road at The Comenarra Parkway looking south towards Carlingford.,S
69,https://www.rms.nsw.gov.au/trafficreports/cameras/camera_images/m4_auburn.jpg,['car'],[0.8407408595085144],"[[417, 208, 453, 232]]",['2020/04/13-23:40:26'],Counter({'car': 1}),0.0,0.0,1.0,0.0,0.0,Point,"[151.035992, -33.838697]",SYD_WEST,M4 Western Motorway (Auburn),M4 Western Motorway at Auburn looking west towards St Marys.,W
70,https://www.rms.nsw.gov.au/trafficreports/cameras/camera_images/eppingrd_lanecove.jpg,[],[],[],['2020/04/13-23:40:27'],Counter(),0.0,0.0,0.0,0.0,0.0,Point,"[151.163759, -33.810643]",SYD_NORTH,Epping Road (Lane Cove),Epping Road at Centennial Avenue looking west towards Lane Cove.,W
71,https://www.rms.nsw.gov.au/trafficreports/cameras/camera_images/greatwesternhwy_hazelbrook.jpg,[],[],[],['2020/04/13-23:40:28'],Counter(),0.0,0.0,0.0,0.0,0.0,Point,"[150.451611, -33.720882]",SYD_WEST,Great Western Highway (Hazelbrook),Great Western Highway at Oaklands Road looking east towards Sydney.,E
72,https://www.rms.nsw.gov.au/trafficreports/cameras/camera_images/audleyrd_audley.jpg,[],[],[],['2020/04/13-23:40:29'],Counter(),0.0,0.0,0.0,0.0,0.0,Point,"[151.056689, -34.073084]",SYD_SOUTH,Audley Road (Audley Weir),Audley Road at Audley Weir looking east towards Sir Bertram Stevens Drive.,E
73,https://www.rms.nsw.gov.au/trafficreports/cameras/camera_images/beecroftrd_epping.jpg,"['traffic light', 'traffic light', 'traffic light']","[0.7281366586685181, 0.5523819327354431, 0.5188347101211548]","[[58, 219, 66, 232], [150, 156, 159, 166], [423, 207, 433, 219]]",['2020/04/13-23:40:30'],Counter({'traffic light': 3}),0.0,3.0,0.0,0.0,0.0,Point,"[151.080881, -33.770871]",SYD_NORTH,Carlingford Road (Epping),Carlingford Road at Beecroft Road looking west towards Carlingford.,W
74,https://www.rms.nsw.gov.au/trafficreports/cameras/camera_images/f3_johnrenshawdr.jpg,['traffic light'],[0.5577452778816223],"[[127, 179, 134, 191]]",['2020/04/13-23:40:31'],Counter({'traffic light': 1}),0.0,1.0,0.0,0.0,0.0,Point,"[151.635833, -32.8134]",REG_NORTH,M1 Pacific Motorway (John Renshaw Drive),M1 Pacific Motorway at John Renshaw Drive looking south towards Sydney.,S
75,https://www.rms.nsw.gov.au/trafficreports/cameras/camera_images/f3_sparkesrd.jpg,[],[],[],['2020/04/13-23:40:32'],Counter(),0.0,0.0,0.0,0.0,0.0,Point,"[151.422404, -33.228646]",REG_NORTH,M1 Pacific Motorway (Sparks Road),M1 Pacific Motorway at Sparks Road looking north towards Newcastle.,N
76,https://www.rms.nsw.gov.au/trafficreports/cameras/camera_images/f6_waterfall.jpg,[],[],[],['2020/04/13-23:40:32'],Counter(),0.0,0.0,0.0,0.0,0.0,Point,"[151.010562, -34.079598]",SYD_SOUTH,Princes Highway (Heathcote),Princes Highway at Heathcote looking south towards Wollongong.,S
77,https://www.rms.nsw.gov.au/trafficreports/cameras/camera_images/f6_mtousley.jpg,[],[],[],['2020/04/13-23:40:33'],Counter(),0.0,0.0,0.0,0.0,0.0,Point,"[150.858024, -34.39078]",REG_SOUTH,M1 Princes Motorway (Mt Ousley),M1 Princes Motorway at Mt Ousley Road looking north towards Sydney.,N
78,https://www.rms.nsw.gov.au/trafficreports/cameras/camera_images/gorehillfwy_artarmon.jpg,[],[],[],['2020/04/13-23:40:34'],Counter(),0.0,0.0,0.0,0.0,0.0,Point,"[151.201508, -33.817233]",SYD_NORTH,Gore Hill Freeway (Artarmon),Gore Hill Freeway at Artarmon looking south towards Sydney Harbour Bridge.,S
79,https://www.rms.nsw.gov.au/trafficreports/cameras/camera_images/m4_mayshill.jpg,"['car', 'car']","[0.5397295951843262, 0.5105046629905701]","[[250, 91, 273, 103], [119, 90, 142, 102]]",['2020/04/13-23:40:35'],Counter({'car': 2}),0.0,0.0,2.0,0.0,0.0,Point,"[150.963639, -33.81629]",SYD_WEST,M4 Western Motorway (Mays Hill),M4 Western Motorway at Cumberland Highway looking east towards Sydney.,E
80,https://www.rms.nsw.gov.au/trafficreports/cameras/camera_images/m5_padstow.jpg,[],[],[],['2020/04/13-23:40:36'],Counter(),0.0,0.0,0.0,0.0,0.0,Point,"[151.035648, -33.940298]",SYD_SOUTH,M5 (Padstow),M5 at Fairford Road looking east towards Arncliffe.,E
81,https://www.rms.nsw.gov.au/trafficreports/cameras/camera_images/newenglandhwy_hexham.jpg,[],[],[],['2020/04/13-23:40:37'],Counter(),0.0,0.0,0.0,0.0,0.0,Point,"[151.682176, -32.821351]",REG_NORTH,New England Highway (Hexham),New England Highway near Hexham Bridge looking south towards Newcastle.,S
82,https://www.rms.nsw.gov.au/trafficreports/cameras/camera_images/newcastlelinkrd_newcastle.jpg,[],[],[],['2020/04/13-23:40:38'],Counter(),0.0,0.0,0.0,0.0,0.0,Point,"[151.687725, -32.9044]",REG_NORTH,Newcastle Road (Newcastle),Newcastle Road at Crest Road looking west towards M1 Pacific Motorway.,W
83,https://www.rms.nsw.gov.au/trafficreports/cameras/camera_images/princeshwy_albionparkrail.jpg,['car'],[0.6467283368110657],"[[225, 99, 253, 108]]",['2020/04/13-23:40:38'],Counter({'car': 1}),0.0,0.0,1.0,0.0,0.0,Point,"[150.791795, -34.55638]",REG_SOUTH,Princes Highway (Albion Park Rail),Princes Highway at Airport Road looking north towards Wollongong.,N
84,https://www.rms.nsw.gov.au/trafficreports/cameras/camera_images/princeshwy_sutherland.jpg,[],[],[],['2020/04/13-23:40:39'],Counter(),0.0,0.0,0.0,0.0,0.0,Point,"[151.066129, -34.035113]",SYD_SOUTH,Princes Highway (Sutherland),Princes Highway at President Avenue looking south towards Waterfall.,S
85,https://www.rms.nsw.gov.au/trafficreports/cameras/camera_images/silverwaterrd_silverwater.jpg,[],[],[],['2020/04/13-23:40:40'],Counter(),0.0,0.0,0.0,0.0,0.0,Point,"[151.043805, -33.843141]",SYD_WEST,Silverwater Road (Silverwater),Silverwater Road at M4 Western Motorway looking south towards Auburn.,S
86,https://www.rms.nsw.gov.au/trafficreports/cameras/camera_images/princeshwy_wollongong.jpg,[],[],[],['2020/04/13-23:40:41'],Counter(),0.0,0.0,0.0,0.0,0.0,Point,"[150.8926, -34.412822]",REG_SOUTH,Princes Highway (Wollongong),Princes Highway near Bourke Street looking north towards Bulli.,N
87,https://www.rms.nsw.gov.au/trafficreports/cameras/camera_images/hunterexpressway_m1.jpg,[],[],[],['2020/04/13-23:40:42'],Counter(),0.0,0.0,0.0,0.0,0.0,Point,"[151.601391, -32.88914]",REG_NORTH,M1 Pacific Motorway (Hunter Expressway),M1 Pacific Motorway at Hunter Expressway looking south towards Sydney.,S
88,https://www.rms.nsw.gov.au/trafficreports/cameras/camera_images/m5_arncliffe.jpg,"['car', 'traffic light']","[0.9908755421638489, 0.7947090864181519]","[[203, 237, 251, 279], [33, 168, 54, 202]]",['2020/04/13-23:40:43'],"Counter({'car': 1, 'traffic light': 1})",0.0,1.0,1.0,0.0,0.0,Point,"[151.151576, -33.938402]",SYD_MET,Marsh Street (Arncliffe),Marsh Street at West Botany Street looking east towards M5 East on-ramp.,E
89,https://www.rms.nsw.gov.au/trafficreports/cameras/camera_images/narelland_campbelltown.jpg,[],[],[],['2020/04/13-23:40:44'],Counter(),0.0,0.0,0.0,0.0,0.0,Point,"[150.802497, -34.067885]",SYD_SOUTH,Narellan Road (Campbelltown),Narellan Road at Blaxland Road looking north-west towards M1 Hume Motorway.,N-W
90,https://www.rms.nsw.gov.au/trafficreports/cameras/camera_images/parra_ashfield.jpg,[],[],[],['2020/04/13-23:40:45'],Counter(),0.0,0.0,0.0,0.0,0.0,Point,"[151.138868, -33.886095]",SYD_MET,Parramatta Road (Ashfield),Parramatta Road at Liverpool Road looking south-east towards Sydney.,S-E
91,https://www.rms.nsw.gov.au/trafficreports/cameras/camera_images/princeshwy_batemans.jpg,[],[],[],['2020/04/13-23:40:46'],Counter(),0.0,0.0,0.0,0.0,0.0,Point,"[150.174801, -35.70812]",REG_SOUTH,Princes Highway (Batemans Bay),Princes Highway at Beach Road looking north towards Nowra.,N
92,https://www.rms.nsw.gov.au/trafficreports/cameras/camera_images/princeshwy_bulli.jpg,['traffic light'],[0.9564723968505859],"[[303, 95, 328, 132]]",['2020/04/13-23:40:47'],Counter({'traffic light': 1}),0.0,1.0,0.0,0.0,0.0,Point,"[150.913954, -34.329975]",REG_SOUTH,Princes Highway (Bulli),Princes Highway at Point Street looking north towards Sydney.,N
93,https://www.rms.nsw.gov.au/trafficreports/cameras/camera_images/alfords_bangorbp.jpg,[],[],[],['2020/04/13-23:40:48'],Counter(),0.0,0.0,0.0,0.0,0.0,Point,"[151.007751, -34.023547]",SYD_SOUTH,New Illawarra Road (Bangor Bypass),New Illawarra Road at Bangor Bypass looking south towards Lucas Heights.,S
94,https://www.rms.nsw.gov.au/trafficreports/cameras/camera_images/elizabethdr_livepool.jpg,[],[],[],['2020/04/13-23:40:49'],Counter(),0.0,0.0,0.0,0.0,0.0,Point,"[150.919356, -33.91941]",SYD_SOUTH,"Hume Highway (Elizabeth Drive, Liverpool)",Hume Highway at Elizabeth Drive looking north toward Lansvale.,N
95,https://www.rms.nsw.gov.au/trafficreports/cameras/camera_images/fiveislands_portkembla.jpg,[],[],[],['2020/04/13-23:40:50'],Counter(),0.0,0.0,0.0,0.0,0.0,Point,"[150.871564, -34.465594]",REG_SOUTH,Five Islands Road (Port Kembla),Five Island Road at Springhill Road Looking south-east towards Warilla.,S-E
96,https://www.rms.nsw.gov.au/trafficreports/cameras/camera_images/homebushbay_homebush.jpg,[],[],[],['2020/04/13-23:40:50'],Counter(),0.0,0.0,0.0,0.0,0.0,Point,"[151.076989, -33.85429]",SYD_MET,Homebush Bay Drive (Homebush),Homebush Bay Drive at Underwood Road looking north-east towards Ryde.,N-E
97,https://www.rms.nsw.gov.au/trafficreports/cameras/camera_images/memorialdr_towradge.jpg,['traffic light'],[0.9649278521537781],"[[10, 118, 27, 144]]",['2020/04/13-23:40:51'],Counter({'traffic light': 1}),0.0,1.0,0.0,0.0,0.0,Point,"[150.900312, -34.383533]",REG_SOUTH,Memorial Drive (Towradgi),Memorial Drive at Towradgi Road looking north towards Bulli.,N
98,https://www.rms.nsw.gov.au/trafficreports/cameras/camera_images/pacifichwy_macksville.jpg,[],[],[],['2020/04/13-23:40:52'],Counter(),0.0,0.0,0.0,0.0,0.0,Point,"[152.920825, -30.70743]",REG_NORTH,Pacific Highway (Macksville),Pacific Highway at Wallace Street looking north towards Urunga.,N
99,https://www.rms.nsw.gov.au/trafficreports/cameras/camera_images/pennanthills_beecroft.jpg,['car'],[0.7230179309844971],"[[81, 89, 113, 106]]",['2020/04/13-23:40:53'],Counter({'car': 1}),0.0,0.0,1.0,0.0,0.0,Point,"[151.064007, -33.740195]",SYD_NORTH,Pennant Hills Road (Beecroft),Pennant Hills Road at Beecroft Road looking east towards Pennant Hills.,E
100,https://www.rms.nsw.gov.au/trafficreports/cameras/camera_images/pacifichwy_tomago.jpg,[],[],[],['2020/04/13-23:40:54'],Counter(),0.0,0.0,0.0,0.0,0.0,Point,"[151.709905, -32.809658]",REG_NORTH,Pacific Highway (Tomago),Pacific Highway near Old Punt Road looking south-west towards Hexham.,S-W
101,https://www.rms.nsw.gov.au/trafficreports/cameras/camera_images/shellharbour_warilla.jpg,[],[],[],['2020/04/13-23:40:55'],Counter(),0.0,0.0,0.0,0.0,0.0,Point,"[150.859907, -34.552399]",REG_SOUTH,Shellharbour Road (Warilla),Shellharbour Road at Lake Entrance Road looking north towards Port Kembla.,N
102,https://www.rms.nsw.gov.au/trafficreports/cameras/camera_images/yorkst_sydney.jpg,"['truck', 'traffic light']","[0.6439786553382874, 0.5333815217018127]","[[62, 73, 96, 108], [269, 35, 281, 58]]",['2020/04/13-23:40:56'],"Counter({'truck': 1, 'traffic light': 1})",0.0,1.0,0.0,1.0,0.0,Point,"[151.205623, -33.865088]",SYD_MET,York Street (Sydney),York Street at Margaret Street looking north towards Sydney Harbour Bridge.,N
103,https://www.rms.nsw.gov.au/trafficreports/cameras/camera_images/burntbrdg_seaforth.jpg,[],[],[],['2020/04/13-23:40:57'],Counter(),0.0,0.0,0.0,0.0,0.0,Point,"[151.265661, -33.788582]",SYD_NORTH,Burnt Bridge Creek (Balgowlah),Burnt Bridge Creek at Condamine Street looking north towards Dee Why.,N
104,https://www.rms.nsw.gov.au/trafficreports/cameras/camera_images/kinggeorge_hurstville.jpg,['traffic light'],[0.74021977186203],"[[96, 106, 107, 130]]",['2020/04/13-23:40:58'],Counter({'traffic light': 1}),0.0,1.0,0.0,0.0,0.0,Point,"[151.094534, -33.965695]",SYD_MET,King Georges Road (Hurstville),King Georges Road at Woniora Road looking south-east towards Blakehurst.,S-E
105,https://www.rms.nsw.gov.au/trafficreports/cameras/camera_images/m5_kingsgrove.jpg,[],[],[],['2020/04/13-23:40:58'],Counter(),0.0,0.0,0.0,0.0,0.0,Point,"[151.103865, -33.937089]",SYD_MET,M5 (Kingsgrove),M5 at Kingsgrove Road looking west towards Beverly Hills.,W
106,https://www.rms.nsw.gov.au/trafficreports/cameras/camera_images/newsthhead_edgecliff.jpg,[],[],[],['2020/04/13-23:40:59'],Counter(),0.0,0.0,0.0,0.0,0.0,Point,"[151.231838, -33.876651]",SYD_MET,New South Head Road (Edgecliff),New South Head Road at New Beach Road looking east towards Double Bay.,E
107,https://www.rms.nsw.gov.au/trafficreports/cameras/camera_images/oldsthhead_bondi.jpg,"['traffic light', 'traffic light']","[0.5986993312835693, 0.5391364693641663]","[[546, 271, 564, 289], [444, 230, 471, 294]]",['2020/04/13-23:41:00'],Counter({'traffic light': 2}),0.0,2.0,0.0,0.0,0.0,Point,"[151.253425, -33.890973]",SYD_MET,Old South Head Road (Bondi Junction),Old South Head Road at Bondi Road looking east towards Vaucluse.,E
108,https://www.rms.nsw.gov.au/trafficreports/cameras/camera_images/foreshore_banksmeadow.jpg,[],[],[],['2020/04/13-23:41:01'],Counter(),0.0,0.0,0.0,0.0,0.0,Point,"[151.214619, -33.961818]",SYD_MET,Foreshore Road (Banksmeadow),Foreshore Road at Botany Road looking west towards Mascot.,W
109,https://www.rms.nsw.gov.au/trafficreports/cameras/camera_images/hunterexp_buchanan.jpg,[],[],[],['2020/04/13-23:41:02'],Counter(),0.0,0.0,0.0,0.0,0.0,Point,"[151.529815, -32.829628]",REG_NORTH,Hunter Expressway (Buchanan),Hunter Expressway at Buchanan Interchange looking West towards Loxford.,W
110,https://www.rms.nsw.gov.au/trafficreports/cameras/camera_images/hunterexp_allandale.jpg,[],[],[],['2020/04/13-23:41:03'],Counter(),0.0,0.0,0.0,0.0,0.0,Point,"[151.403663, -32.723488]",REG_NORTH,Hunter Expressway and Lovedale Rd,Hunter Expressway at Allandale Interchange looking East towards Loxford.,E
111,https://www.rms.nsw.gov.au/trafficreports/cameras/camera_images/hunterexp_branxton.jpg,[],[],[],['2020/04/13-23:41:04'],Counter(),0.0,0.0,0.0,0.0,0.0,Point,"[151.361121, -32.668371]",REG_NORTH,Hunter Expressway and Wine Country Dr,Hunter Expressway at Branxton Interchange looking West towards Belford.,W
112,https://www.rms.nsw.gov.au/trafficreports/cameras/camera_images/anzac_vms0009.jpg,[],[],[],['2020/04/13-23:41:04'],Counter(),0.0,0.0,0.0,0.0,0.0,Point,"[151.188029, -33.869692]",SYD_MET,Anzac Bridge (Westbound),Eastern side of Anzac Bridge looking west towards Rozelle.,W
113,https://www.rms.nsw.gov.au/trafficreports/cameras/camera_images/city_vms0107.jpg,[],[],[],['2020/04/13-23:41:05'],Counter(),0.0,0.0,0.0,0.0,0.0,Point,"[151.188925, -33.890699]",SYD_MET,City Road (Newtown),City Road near Carillon Avenue looking south-west towards Newtown.,S-W
114,https://www.rms.nsw.gov.au/trafficreports/cameras/camera_images/cleveland_crown.jpg,[],[],[],['2020/04/13-23:41:07'],Counter(),0.0,0.0,0.0,0.0,0.0,Point,"[151.212861, -33.891569]",SYD_MET,Cleveland Street (Surry Hills),Cleveland Street at Crown Street looking east toward Moore Park.,E
115,https://www.rms.nsw.gov.au/trafficreports/cameras/camera_images/shakespeare_vms0003.jpg,[],[],[],['2020/04/13-23:41:07'],Counter(),0.0,0.0,0.0,0.0,0.0,Point,"[151.213658, -33.865977]",SYD_MET,Eastern Distributor (Woollomooloo),Shakespeare Place near Macquarie Street looking east towards Woolloomooloo.,S-E
116,https://www.rms.nsw.gov.au/trafficreports/cameras/camera_images/goulburn_vms0108.jpg,"['car', 'traffic light']","[0.8361811637878418, 0.6544908285140991]","[[288, 180, 311, 199], [148, 164, 156, 176]]",['2020/04/13-23:41:08'],"Counter({'car': 1, 'traffic light': 1})",0.0,1.0,1.0,0.0,0.0,Point,"[151.207124, -33.877991]",SYD_MET,Goulburn Street (Sydney),Goulburn Street near Pitt Street looking west towards Darling Harbour.,W
117,https://www.rms.nsw.gov.au/trafficreports/cameras/camera_images/kent_bathurst.jpg,['car'],[0.9764764904975891],"[[488, 341, 530, 370]]",['2020/04/13-23:41:09'],Counter({'car': 1}),0.0,0.0,1.0,0.0,0.0,Point,"[151.205222, -33.874167]",SYD_MET,Kent Street (Sydney),Kent Street at Bathurst Street looking north towards Wynyard.,N
118,https://www.rms.nsw.gov.au/trafficreports/cameras/camera_images/macquarie_shakespeare.jpg,[],[],[],['2020/04/13-23:41:10'],Counter(),0.0,0.0,0.0,0.0,0.0,Point,"[151.212496, -33.865804]",SYD_MET,Macquarie Street (Sydney),Macquarie Street at Shakespeare Place looking south toward Town Hall.,S
119,https://www.rms.nsw.gov.au/trafficreports/cameras/camera_images/oriordan_robey.jpg,[],[],[],['2020/04/13-23:41:11'],Counter(),0.0,0.0,0.0,0.0,0.0,Point,"[151.186461, -33.930637]",SYD_MET,O'Riordan Street (Mascot),O'Riordan Street at Robey Street looking north towards Redfern.,N
120,https://www.rms.nsw.gov.au/trafficreports/cameras/camera_images/sydeinfeld_york.jpg,[],[],[],['2020/04/13-23:41:12'],Counter(),0.0,0.0,0.0,0.0,0.0,Point,"[151.24183, -33.889715]",SYD_MET,Syd Einfeld Drive (Centennial Park),O'Riordan Street at Robey Street looking north towards Redfern.,W
