,type,coordinates,region,title,view,direction,href,label,confidence,box,time,count,car,truck,traffic light,person,bus,motorcycle,bicycle,parking meter
0,Point,"[151.10533, -34.02977]",SYD_SOUTH,5 Ways (Miranda),5 ways at The Boulevarde looking west towards Sutherland.,W,https://www.rms.nsw.gov.au/trafficreports/cameras/camera_images/5ways.jpg,"['car', 'car', 'truck', 'car']","[0.8481147885322571, 0.6308948397636414, 0.5985080599784851, 0.5613806247711182]","[[256, 141, 299, 181], [235, 110, 287, 148], [136, 180, 292, 286], [194, 132, 235, 174]]",['2020/04/19-16:19:55'],"Counter({'car': 3, 'truck': 1})",3.0,1.0,0.0,0.0,0.0,0.0,0.0,0.0
1,Point,"[151.23122, -33.90641]",SYD_MET,Alison Road (Randwick),Alison Road at Darley Road looking north-west towards Anzac Parade.,N-W,https://www.rms.nsw.gov.au/trafficreports/cameras/camera_images/alisonrd_randwick.jpg,[],[],[],['2020/04/19-16:19:55'],Counter(),0.0,0.0,0.0,0.0,0.0,0.0,0.0,0.0
2,Point,"[151.18022, -33.86789]",SYD_MET,Anzac Bridge (Eastbound),Intersection of Victoria Road and Anzac Bridge looking east towards the Sydney CBD.,E,https://www.rms.nsw.gov.au/trafficreports/cameras/camera_images/anzacbr.jpg,"['car', 'car', 'car', 'car', 'car', 'car', 'car', 'car', 'car']","[0.9574757814407349, 0.9553863406181335, 0.9046470522880554, 0.8187185525894165, 0.7106388807296753, 0.7042012214660645, 0.6914629936218262, 0.6334406733512878, 0.522551953792572]","[[169, 156, 184, 166], [257, 189, 281, 208], [237, 154, 252, 167], [110, 159, 125, 170], [145, 130, 156, 140], [164, 116, 173, 123], [154, 116, 163, 123], [203, 109, 213, 119], [335, 209, 370, 230]]",['2020/04/19-16:19:56'],Counter({'car': 9}),9.0,0.0,0.0,0.0,0.0,0.0,0.0,0.0
3,Point,"[151.22151, -33.89534]",SYD_MET,Anzac Parade (Moore Park),Corner of Anzac Parade and Cleveland Street looking south towards Randwick.,S,https://www.rms.nsw.gov.au/trafficreports/cameras/camera_images/anzacpde.jpg,"['car', 'car', 'car', 'car', 'car', 'car', 'car', 'car', 'car', 'car', 'car', 'car']","[0.9970070719718933, 0.9926044940948486, 0.992144763469696, 0.9916702508926392, 0.9804486036300659, 0.9734900593757629, 0.9467790126800537, 0.8376985192298889, 0.797710657119751, 0.7584965825080872, 0.6099528074264526, 0.5354126691818237]","[[82, 180, 138, 221], [4, 228, 84, 285], [146, 182, 192, 219], [85, 220, 157, 288], [0, 178, 56, 218], [169, 211, 229, 286], [204, 180, 241, 224], [165, 135, 192, 160], [255, 178, 296, 211], [273, 196, 350, 268], [200, 137, 229, 155], [261, 154, 289, 184]]",['2020/04/19-16:19:56'],Counter({'car': 12}),12.0,0.0,0.0,0.0,0.0,0.0,0.0,0.0
4,Point,"[151.00533, -33.80866]",SYD_WEST,Church Street (Parramatta),Corner of Church Street and Victoria Road looking north towards Northmead.,N,https://www.rms.nsw.gov.au/trafficreports/cameras/camera_images/churchst_parra.jpg,"['traffic light', 'car', 'car', 'car']","[0.9628791213035583, 0.9579752087593079, 0.6353801488876343, 0.5578898191452026]","[[19, 41, 41, 76], [159, 199, 222, 261], [3, 234, 75, 286], [123, 170, 155, 186]]",['2020/04/19-16:19:57'],"Counter({'car': 3, 'traffic light': 1})",3.0,0.0,1.0,0.0,0.0,0.0,0.0,0.0
5,Point,"[151.17183, -33.87175]",SYD_MET,City West Link,City West Link at Lilyfield looking east towards Victoria Road intersection.,E,https://www.rms.nsw.gov.au/trafficreports/cameras/camera_images/citywestlink.jpg,"['car', 'truck']","[0.799821674823761, 0.5287255048751831]","[[198, 183, 216, 200], [206, 157, 227, 181]]",['2020/04/19-16:19:58'],"Counter({'car': 1, 'truck': 1})",1.0,1.0,0.0,0.0,0.0,0.0,0.0,0.0
6,Point,"[151.05237, -33.77967]",SYD_NORTH,Cumberland Highway (Carlingford),Cumberland Highway at Marsden Road looking north towards Beecroft.,N,https://www.rms.nsw.gov.au/trafficreports/cameras/camera_images/cumberlandhwy_carlingford.jpg,[],[],[],['2020/04/19-16:19:58'],Counter(),0.0,0.0,0.0,0.0,0.0,0.0,0.0,0.0
7,Point,"[150.96039, -33.83031]",SYD_WEST,Cumberland Highway (Merrylands),Cumberland Highway at Merrylands Road looking north towards the M4 Western Motorway.,N,https://www.rms.nsw.gov.au/trafficreports/cameras/camera_images/cumberlandhwy_merrylands.jpg,"['car', 'car', 'traffic light', 'traffic light', 'car', 'car', 'car', 'car', 'car']","[0.9737680554389954, 0.9628812670707703, 0.9576352834701538, 0.8806238770484924, 0.8777103424072266, 0.8672625422477722, 0.849151611328125, 0.8178179860115051, 0.5517125725746155]","[[345, 187, 377, 207], [286, 176, 310, 194], [73, 164, 81, 178], [342, 126, 353, 139], [324, 175, 347, 195], [306, 186, 335, 208], [373, 186, 412, 209], [349, 177, 381, 191], [302, 167, 331, 184]]",['2020/04/19-16:19:59'],"Counter({'car': 7, 'traffic light': 2})",7.0,0.0,2.0,0.0,0.0,0.0,0.0,0.0
8,Point,"[151.21303, -33.90964]",SYD_MET,Eastern Distributor (Zetland),Southern end of the Eastern Distributor tunnel near the Link Road on-ramp looking north towards Sydney.,N,https://www.rms.nsw.gov.au/trafficreports/cameras/camera_images/easterndist.jpg,"['car', 'truck', 'car']","[0.9015659093856812, 0.8643542528152466, 0.8344473242759705]","[[94, 257, 143, 287], [108, 117, 129, 152], [159, 136, 176, 152]]",['2020/04/19-16:19:59'],"Counter({'car': 2, 'truck': 1})",2.0,1.0,0.0,0.0,0.0,0.0,0.0,0.0
9,Point,"[151.29416, -33.4184]",REG_NORTH,M1 Pacific Motorway (Kariong),M1 Pacific Motorway at the Kariong on ramp looking south towards Sydney.,S,https://www.rms.nsw.gov.au/trafficreports/cameras/camera_images/f3_kariong.jpg,[],[],[],['2020/04/19-16:20:00'],Counter(),0.0,0.0,0.0,0.0,0.0,0.0,0.0,0.0
10,Point,"[151.20082, -33.53074]",REG_NORTH,M1 Pacific Motorway (Hawkesbury River),M1 Pacific Motorway crossing the Hawkesbury River Bridge looking south towards Sydney.,S,https://www.rms.nsw.gov.au/trafficreports/cameras/camera_images/f3_mooney.jpg,['car'],[0.7951725125312805],"[[190, 320, 226, 350]]",['2020/04/19-16:20:00'],Counter({'car': 1}),1.0,0.0,0.0,0.0,0.0,0.0,0.0,0.0
11,Point,"[151.20595, -33.45451]",REG_NORTH,M1 Pacific Motorway (Mount White),M1 Pacific Motorway at the Mount White heavy vehicle checking station looking north towards Calga.,N,https://www.rms.nsw.gov.au/trafficreports/cameras/camera_images/f3_mountwhite.jpg,"['car', 'car', 'car', 'car', 'car', 'car']","[0.9952128529548645, 0.987814724445343, 0.8963417410850525, 0.8469080924987793, 0.812769889831543, 0.6724927425384521]","[[218, 187, 257, 216], [140, 164, 168, 186], [287, 134, 306, 149], [232, 104, 244, 111], [95, 93, 104, 98], [51, 116, 62, 127]]",['2020/04/19-16:20:01'],Counter({'car': 6}),6.0,0.0,0.0,0.0,0.0,0.0,0.0,0.0
12,Point,"[151.36906, -33.34475]",REG_NORTH,M1 Pacific Motorway (Ourimbah),M1 Pacific Motorway at Ourimbah on ramp looking north towards Wyong.,N,https://www.rms.nsw.gov.au/trafficreports/cameras/camera_images/f3_ourimbah.jpg,['car'],[0.7550028562545776],"[[193, 152, 208, 159]]",['2020/04/19-16:20:01'],Counter({'car': 1}),1.0,0.0,0.0,0.0,0.0,0.0,0.0,0.0
13,Point,"[151.10991, -33.71873]",REG_NORTH,M1 Pacific Motorway (Wahroonga),The Pacific Highway on ramp to the M1 Pacific Motorway looking north towards the Central Coast.,N,https://www.rms.nsw.gov.au/trafficreports/cameras/camera_images/f3_wahroonga.jpg,"['car', 'car']","[0.8472470045089722, 0.7555070519447327]","[[206, 125, 217, 132], [205, 120, 217, 129]]",['2020/04/19-16:20:02'],Counter({'car': 2}),2.0,0.0,0.0,0.0,0.0,0.0,0.0,0.0
14,Point,"[151.14775, -33.63605]",REG_NORTH,M1 Pacific Motorway (Windy Banks),M1 Pacific Motorway at the Windy Banks on ramp looking south towards Hornsby.,S,https://www.rms.nsw.gov.au/trafficreports/cameras/camera_images/f3_windybanks.jpg,"['car', 'car', 'truck']","[0.669861912727356, 0.6489709615707397, 0.5594192743301392]","[[166, 183, 180, 198], [73, 169, 88, 180], [112, 153, 144, 205]]",['2020/04/19-16:20:02'],"Counter({'car': 2, 'truck': 1})",2.0,1.0,0.0,0.0,0.0,0.0,0.0,0.0
15,Point,"[151.20084, -33.82768]",SYD_NORTH,Falcon Street (Crows Nest),Corner of Falcon Street and the Pacific Highway looking East towards the Warringah Freeway.,E,https://www.rms.nsw.gov.au/trafficreports/cameras/camera_images/falconst_crowsnest.jpg,"['car', 'car', 'car']","[0.9578046798706055, 0.536142110824585, 0.5129113793373108]","[[237, 139, 293, 178], [175, 63, 191, 77], [211, 72, 231, 83]]",['2020/04/19-16:20:03'],Counter({'car': 3}),3.0,0.0,0.0,0.0,0.0,0.0,0.0,0.0
16,Point,"[151.18805, -33.94447]",SYD_MET,General Holmes Drive (Botany),General Holmes Drive at the east end of the Airport Tunnel looking east towards Botany.,E,https://www.rms.nsw.gov.au/trafficreports/cameras/camera_images/ghd_airport.jpg,"['car', 'car', 'car', 'car', 'car', 'car', 'car', 'car']","[0.9951547384262085, 0.9737919569015503, 0.9603291153907776, 0.9321909546852112, 0.8291637897491455, 0.817945659160614, 0.6601656079292297, 0.5674166679382324]","[[54, 225, 97, 252], [164, 157, 184, 173], [121, 157, 143, 173], [0, 219, 33, 248], [203, 117, 214, 125], [244, 161, 257, 174], [286, 141, 299, 150], [171, 122, 180, 130]]",['2020/04/19-16:20:03'],Counter({'car': 8}),8.0,0.0,0.0,0.0,0.0,0.0,0.0,0.0
17,Point,"[151.2126, -33.87375]",SYD_MET,William Street (East Sydney),Corner of William Street and College Street near Hyde Park looking east towards Kings Cross.,E,https://www.rms.nsw.gov.au/trafficreports/cameras/camera_images/williamst.jpg,"['car', 'car', 'car', 'person', 'bus', 'car']","[0.9834272861480713, 0.9738271832466125, 0.8865076899528503, 0.6620348691940308, 0.6483386754989624, 0.609576404094696]","[[159, 200, 180, 219], [327, 268, 405, 327], [449, 339, 478, 359], [74, 331, 97, 359], [117, 179, 144, 219], [119, 175, 142, 192]]",['2020/04/19-16:20:04'],"Counter({'car': 4, 'person': 1, 'bus': 1})",4.0,0.0,0.0,1.0,1.0,0.0,0.0,0.0
18,Point,"[151.15195, -33.84727]",SYD_MET,Gladesville Bridge (Drummoyne),Gladesville Bridge looking west towards Gladesville.,W,https://www.rms.nsw.gov.au/trafficreports/cameras/camera_images/gladesvillebr.jpg,[],[],[],['2020/04/19-16:20:04'],Counter(),0.0,0.0,0.0,0.0,0.0,0.0,0.0,0.0
19,Point,"[151.11737, -33.88851]",SYD_MET,Hume Highway (Ashfield),Corner of Hume Highway and Frederick Street looking west towards Strathfield.,W,https://www.rms.nsw.gov.au/trafficreports/cameras/camera_images/humehwy_ashfield.jpg,"['car', 'car', 'car', 'car', 'car']","[0.954912543296814, 0.8492963910102844, 0.8053566217422485, 0.6304035186767578, 0.5014280080795288]","[[207, 145, 241, 169], [240, 199, 312, 251], [115, 113, 135, 125], [160, 103, 176, 111], [130, 134, 158, 146]]",['2020/04/19-16:20:05'],Counter({'car': 5}),5.0,0.0,0.0,0.0,0.0,0.0,0.0,0.0
20,Point,"[151.04048, -33.90583]",SYD_SOUTH,Hume Highway (Bankstown),Corner of Hume Highway and Stacey Street looking east towards Strathfield.,E,https://www.rms.nsw.gov.au/trafficreports/cameras/camera_images/humehwy_bankstown.jpg,"['car', 'car', 'car', 'car', 'car', 'car', 'car', 'car', 'car', 'car', 'car', 'car', 'car', 'car', 'truck', 'car', 'car', 'car', 'car']","[0.990025520324707, 0.9811444878578186, 0.9790823459625244, 0.9783751368522644, 0.9772530198097229, 0.9729936718940735, 0.9592073559761047, 0.9568597674369812, 0.9516816139221191, 0.9473785161972046, 0.9251904487609863, 0.9199748039245605, 0.9105418920516968, 0.9027565717697144, 0.8783088326454163, 0.8734537363052368, 0.7459853887557983, 0.6726205945014954, 0.5974583029747009]","[[76, 190, 134, 236], [244, 178, 283, 215], [182, 231, 263, 286], [99, 219, 185, 284], [122, 168, 160, 196], [219, 193, 274, 256], [2, 213, 91, 285], [201, 124, 225, 144], [208, 144, 239, 169], [40, 261, 136, 287], [317, 167, 349, 202], [248, 144, 278, 170], [189, 174, 223, 210], [268, 129, 295, 149], [244, 100, 273, 135], [150, 157, 184, 176], [165, 139, 194, 164], [297, 146, 334, 173], [150, 178, 206, 243]]",['2020/04/19-16:20:05'],"Counter({'car': 18, 'truck': 1})",18.0,1.0,0.0,0.0,0.0,0.0,0.0,0.0
21,Point,"[150.78532, -34.06199]",SYD_SOUTH,Hume Motorway (Campbelltown),Corner of Hume Motorway and Narellan Road looking north towards Liverpool.,N,https://www.rms.nsw.gov.au/trafficreports/cameras/camera_images/humehwy_campbelltown.jpg,[],[],[],['2020/04/19-16:20:06'],Counter(),0.0,0.0,0.0,0.0,0.0,0.0,0.0,0.0
22,Point,"[150.92073, -33.91519]",SYD_SOUTH,"Hume Highway (Cumberland Highway, Liverpool)",Corner of Hume Highway and Cumberland Highway looking south towards Casula.,S,https://www.rms.nsw.gov.au/trafficreports/cameras/camera_images/humehwy_liverpool.jpg,['car'],[0.6000964641571045],"[[33, 251, 140, 287]]",['2020/04/19-16:20:07'],Counter({'car': 1}),1.0,0.0,0.0,0.0,0.0,0.0,0.0,0.0
23,Point,"[150.82399, -34.02971]",SYD_SOUTH,Hume Motorway (St Andrews),Corner of Hume Motorway and Raby Road looking north towards Liverpool.,N,https://www.rms.nsw.gov.au/trafficreports/cameras/camera_images/humehwy_standrews.jpg,['car'],[0.8962224721908569],"[[108, 136, 117, 143]]",['2020/04/19-16:20:07'],Counter({'car': 1}),1.0,0.0,0.0,0.0,0.0,0.0,0.0,0.0
24,Point,"[151.0681, -33.886]",SYD_MET,Hume Highway (Strathfield),Corner of Hume Highway and Roberts Road looking west towards Yagoona.,W,https://www.rms.nsw.gov.au/trafficreports/cameras/camera_images/humehwy_strathfield.jpg,"['car', 'car', 'car', 'car', 'car', 'car', 'car', 'car', 'car']","[0.854425847530365, 0.8127158880233765, 0.7632813453674316, 0.7617651224136353, 0.7452319264411926, 0.6740240454673767, 0.6461595892906189, 0.5368637442588806, 0.5014707446098328]","[[114, 209, 131, 228], [47, 244, 70, 267], [86, 180, 103, 201], [154, 108, 166, 117], [136, 81, 146, 87], [155, 86, 167, 93], [69, 275, 96, 287], [159, 92, 168, 100], [149, 99, 161, 107]]",['2020/04/19-16:20:08'],Counter({'car': 9}),9.0,0.0,0.0,0.0,0.0,0.0,0.0,0.0
25,Point,"[150.97311, -33.88951]",SYD_SOUTH,Hume Highway (Villawood),Corner of Hume Highway and Woodville Road looking east towards Bass Hill.,E,https://www.rms.nsw.gov.au/trafficreports/cameras/camera_images/humehwy_villawood.jpg,"['car', 'car', 'car', 'car', 'car', 'car', 'car', 'car']","[0.9679550528526306, 0.9627756476402283, 0.9608775973320007, 0.9157441258430481, 0.828652560710907, 0.7212094068527222, 0.6759399175643921, 0.5711763501167297]","[[131, 118, 150, 132], [202, 126, 228, 139], [59, 123, 72, 130], [73, 117, 83, 123], [62, 112, 72, 118], [96, 109, 109, 116], [73, 110, 83, 116], [62, 116, 72, 122]]",['2020/04/19-16:20:08'],Counter({'car': 8}),8.0,0.0,0.0,0.0,0.0,0.0,0.0,0.0
26,Point,"[151.02188, -33.81927]",SYD_WEST,James Ruse Drive (Rosehill),James Ruse Drive at Grand Avenue looking north towards Rydalmere.,N,https://www.rms.nsw.gov.au/trafficreports/cameras/camera_images/jrd_rosehill.jpg,"['car', 'car', 'car', 'car', 'car', 'car', 'truck', 'car', 'car']","[0.9758105278015137, 0.9495903253555298, 0.9222443699836731, 0.8574441075325012, 0.8301041722297668, 0.8113930225372314, 0.7758839726448059, 0.7100589871406555, 0.5515876412391663]","[[136, 85, 159, 101], [78, 92, 107, 109], [94, 75, 119, 89], [3, 99, 39, 118], [258, 73, 274, 84], [0, 118, 23, 141], [29, 117, 84, 148], [272, 60, 285, 67], [144, 73, 163, 85]]",['2020/04/19-16:20:09'],"Counter({'car': 8, 'truck': 1})",8.0,1.0,0.0,0.0,0.0,0.0,0.0,0.0
27,Point,"[151.08347, -33.95253]",SYD_MET,King Georges Road (Beverly Hills),Corner of King Georges Road and Stoney Creek Road looking north towards Beverly Hills.,N,https://www.rms.nsw.gov.au/trafficreports/cameras/camera_images/knggrd_beverlyhills.jpg,"['car', 'car', 'car', 'car']","[0.9681972861289978, 0.9628890752792358, 0.9589661359786987, 0.9246408343315125]","[[90, 211, 124, 241], [186, 181, 208, 199], [82, 259, 143, 289], [217, 211, 246, 235]]",['2020/04/19-16:20:09'],Counter({'car': 4}),4.0,0.0,0.0,0.0,0.0,0.0,0.0,0.0
28,Point,"[151.04926, -33.75906]",SYD_NORTH,M2 (Pennant Hills),M2 at Pennant Hills Road looking west towards Baulkham Hills.,W,https://www.rms.nsw.gov.au/trafficreports/cameras/camera_images/m2_pennanthills.jpg,[],[],[],['2020/04/19-16:20:10'],Counter(),0.0,0.0,0.0,0.0,0.0,0.0,0.0,0.0
29,Point,"[151.13159, -33.78199]",SYD_NORTH,M2 (Ryde),M2 at the Lane Cove Road exit looking west towards Epping.,W,https://www.rms.nsw.gov.au/trafficreports/cameras/camera_images/m2_ryde.jpg,[],[],[],['2020/04/19-16:20:10'],Counter(),0.0,0.0,0.0,0.0,0.0,0.0,0.0,0.0
30,Point,"[150.84489, -33.79519]",SYD_WEST,M4 Western Motorway (Minchinbury),M4 Western Motorway at Wallgrove Road looking east towards Eastern Creek.,E,https://www.rms.nsw.gov.au/trafficreports/cameras/camera_images/m4_minchinbury.jpg,"['car', 'car', 'car', 'car', 'car', 'car', 'car', 'car']","[0.9582771062850952, 0.8648512363433838, 0.8598151206970215, 0.6939728260040283, 0.6938351392745972, 0.5984613299369812, 0.5983377695083618, 0.5950056314468384]","[[573, 315, 641, 364], [460, 257, 504, 284], [426, 148, 450, 165], [478, 307, 549, 360], [265, 204, 299, 222], [374, 199, 403, 219], [568, 178, 598, 204], [273, 176, 293, 191]]",['2020/04/19-16:20:11'],Counter({'car': 8}),8.0,0.0,0.0,0.0,0.0,0.0,0.0,0.0
31,Point,"[151.06433, -33.85557]",SYD_MET,M4 Western Motorway (Olympic Park),M4 Western Motorway at Sydney Olympic Park looking east towards Strathfield.,E,https://www.rms.nsw.gov.au/trafficreports/cameras/camera_images/m4_olympic.jpg,"['car', 'car', 'car', 'car']","[0.8983919620513916, 0.8598811030387878, 0.6552452445030212, 0.6360119581222534]","[[84, 91, 98, 101], [65, 104, 88, 117], [221, 85, 234, 94], [84, 71, 96, 76]]",['2020/04/19-16:20:11'],Counter({'car': 4}),4.0,0.0,0.0,0.0,0.0,0.0,0.0,0.0
32,Point,"[150.91589, -33.80546]",SYD_WEST,M4 Western Motorway (Prospect),M4 Western Motorway at the Prospect Highway exit ramp looking east towards Parramatta.,E,https://www.rms.nsw.gov.au/trafficreports/cameras/camera_images/m4_prospect.jpg,"['car', 'car', 'car', 'car', 'car', 'car', 'car', 'car']","[0.9636126160621643, 0.9581447839736938, 0.9507991671562195, 0.8397911190986633, 0.7304653525352478, 0.7170329093933105, 0.6260113716125488, 0.6018180847167969]","[[316, 432, 369, 473], [88, 432, 152, 479], [499, 433, 552, 477], [524, 335, 560, 361], [420, 414, 471, 464], [264, 499, 346, 572], [648, 229, 670, 246], [515, 270, 544, 291]]",['2020/04/19-16:20:12'],Counter({'car': 8}),8.0,0.0,0.0,0.0,0.0,0.0,0.0,0.0
33,Point,"[150.77086, -33.78512]",SYD_WEST,M4 Western Motorway (St Marys),M4 Western Motorway at Mamre Road looking west towards Penrith.,W,https://www.rms.nsw.gov.au/trafficreports/cameras/camera_images/m4_stmarys.jpg,"['car', 'car', 'car']","[0.7287333011627197, 0.5994969010353088, 0.5464561581611633]","[[366, 600, 432, 651], [300, 581, 366, 640], [645, 420, 682, 456]]",['2020/04/19-16:20:12'],Counter({'car': 3}),3.0,0.0,0.0,0.0,0.0,0.0,0.0,0.0
34,Point,"[150.87645, -33.95648]",SYD_SOUTH,M5 / M7,Junction of M5 and M7 looking south towards Ingleburn.,S,https://www.rms.nsw.gov.au/trafficreports/cameras/camera_images/m5_m7.jpg,['car'],[0.753023624420166],"[[9, 207, 38, 229]]",['2020/04/19-16:20:13'],Counter({'car': 1}),1.0,0.0,0.0,0.0,0.0,0.0,0.0,0.0
35,Point,"[150.9135, -33.93819]",SYD_SOUTH,M5 (Liverpool),M5 at Hume Highway looking east towards Sydney.,E,https://www.rms.nsw.gov.au/trafficreports/cameras/camera_images/m5_liverpool.jpg,"['car', 'car', 'car']","[0.6679410338401794, 0.5663739442825317, 0.5196307301521301]","[[196, 77, 204, 84], [176, 94, 183, 100], [197, 87, 203, 91]]",['2020/04/19-16:20:13'],Counter({'car': 3}),3.0,0.0,0.0,0.0,0.0,0.0,0.0,0.0
36,Point,"[150.98242, -33.94493]",SYD_SOUTH,M5 (Milperra),M5 Motorway at Henry Lawson Drive looking east towards Beverley Hills.,E,https://www.rms.nsw.gov.au/trafficreports/cameras/camera_images/m5_milperra.jpg,[],[],[],['2020/04/19-16:20:14'],Counter(),0.0,0.0,0.0,0.0,0.0,0.0,0.0,0.0
37,Point,"[151.0769, -33.94291]",SYD_MET,M5 East (Beverly Hills),M5 East at the King Georges Road on ramp looking west towards Riverwood.,W,https://www.rms.nsw.gov.au/trafficreports/cameras/camera_images/m5east.jpg,"['car', 'car', 'car']","[0.9412052035331726, 0.9276001453399658, 0.5979028940200806]","[[147, 276, 217, 320], [97, 202, 131, 238], [178, 179, 205, 194]]",['2020/04/19-16:20:14'],Counter({'car': 3}),3.0,0.0,0.0,0.0,0.0,0.0,0.0,0.0
38,Point,"[150.91777, -33.73796]",SYD_WEST,M7 (Glenwood),M7 Motorway at Sunnyholt Road looking east towards Bella Vista.,E,https://www.rms.nsw.gov.au/trafficreports/cameras/camera_images/m7_glenwood.jpg,[],[],[],['2020/04/19-16:20:15'],Counter(),0.0,0.0,0.0,0.0,0.0,0.0,0.0,0.0
39,Point,"[150.85556, -33.84171]",SYD_WEST,M7 at The Horsley Drive (Horsley Park),M7 Motorway at The Horsley Drive looking south towards Hoxton Park.,S,https://www.rms.nsw.gov.au/trafficreports/cameras/camera_images/m7_horsleydr.jpg,"['car', 'car']","[0.9108564853668213, 0.51436448097229]","[[295, 358, 329, 383], [353, 337, 376, 357]]",['2020/04/19-16:20:15'],Counter({'car': 2}),2.0,0.0,0.0,0.0,0.0,0.0,0.0,0.0
40,Point,"[151.24631, -33.8017]",SYD_NORTH,Manly Road (Seaforth),"Corner of Manly Road and Battle Boulevard near The Spit Bridge, looking north towards Manly.",N,https://www.rms.nsw.gov.au/trafficreports/cameras/camera_images/manlyrd.jpg,"['car', 'car', 'car', 'car']","[0.9886358976364136, 0.9087246060371399, 0.9046199917793274, 0.7249940633773804]","[[172, 139, 192, 158], [245, 131, 262, 148], [139, 124, 157, 139], [268, 158, 305, 185]]",['2020/04/19-16:20:16'],Counter({'car': 4}),4.0,0.0,0.0,0.0,0.0,0.0,0.0,0.0
41,Point,"[151.22231, -33.8315]",SYD_NORTH,Military Road (Neutral Bay),Military Road at Wycombe Road looking west towards the Warringah Freeway.,W,https://www.rms.nsw.gov.au/trafficreports/cameras/camera_images/militaryrd_neutralbay.jpg,"['traffic light', 'traffic light', 'traffic light']","[0.6427019238471985, 0.6057467460632324, 0.570159912109375]","[[37, 157, 53, 176], [349, 118, 358, 134], [167, 100, 176, 111]]",['2020/04/19-16:20:17'],Counter({'traffic light': 3}),0.0,0.0,3.0,0.0,0.0,0.0,0.0,0.0
42,Point,"[150.93016, -33.70421]",SYD_WEST,Old Windsor Road (Beaumont Hills),The intersection of Old Windsor Road and Windsor Road looking south towards Parramatta.,S,https://www.rms.nsw.gov.au/trafficreports/cameras/camera_images/oldwindsorrd.jpg,"['car', 'car']","[0.8134509921073914, 0.521742582321167]","[[35, 138, 92, 170], [178, 89, 197, 101]]",['2020/04/19-16:20:17'],Counter({'car': 2}),2.0,0.0,0.0,0.0,0.0,0.0,0.0,0.0
43,Point,"[150.95857, -33.76579]",SYD_WEST,Old Windsor Road (Winston Hills),Old Windsor Road at Abbott Road looking north towards Bella Vista.,N,https://www.rms.nsw.gov.au/trafficreports/cameras/camera_images/oldwindsorrd_winstonhills.jpg,"['car', 'car', 'car', 'car']","[0.9700778722763062, 0.9334731698036194, 0.8585250377655029, 0.7947128415107727]","[[151, 79, 167, 92], [173, 92, 192, 109], [136, 66, 144, 73], [138, 87, 154, 105]]",['2020/04/19-16:20:18'],Counter({'car': 4}),4.0,0.0,0.0,0.0,0.0,0.0,0.0,0.0
44,Point,"[151.17851, -33.79836]",SYD_NORTH,Pacific Highway (Chatswood),"Corner of the Pacific Highway and Centennial Avenue near Chatswood Park, looking south towards Sydney.",S,https://www.rms.nsw.gov.au/trafficreports/cameras/camera_images/pacific_chats.jpg,"['car', 'car', 'car', 'car', 'truck', 'car', 'truck']","[0.9898871779441833, 0.9667199850082397, 0.9545379877090454, 0.6980400681495667, 0.6507604122161865, 0.5729594230651855, 0.5581068396568298]","[[107, 97, 122, 109], [83, 90, 97, 100], [84, 110, 105, 126], [313, 101, 352, 116], [139, 222, 228, 285], [96, 82, 109, 89], [75, 144, 110, 178]]",['2020/04/19-16:20:18'],"Counter({'car': 5, 'truck': 2})",5.0,2.0,0.0,0.0,0.0,0.0,0.0,0.0
45,Point,"[151.14731, -33.75077]",SYD_NORTH,Ryde Road (Pymble),Ryde Road at Pacific Highway looking south-west towards Ryde.,S-W,https://www.rms.nsw.gov.au/trafficreports/cameras/camera_images/pacific_pymble.jpg,['traffic light'],[0.9194331765174866],"[[0, 172, 13, 207]]",['2020/04/19-16:20:19'],Counter({'traffic light': 1}),0.0,0.0,1.0,0.0,0.0,0.0,0.0,0.0
46,Point,"[151.15317, -33.88904]",SYD_MET,Parramatta Road (Leichhardt),Parramatta Road at Elswick Street looking west towards Ashfield.,W,https://www.rms.nsw.gov.au/trafficreports/cameras/camera_images/parrard_leichhardt.jpg,"['car', 'car', 'car', 'car', 'car', 'car', 'car', 'car', 'car']","[0.9869099259376526, 0.9817203283309937, 0.9790531992912292, 0.9679766297340393, 0.9580509066581726, 0.8591224551200867, 0.7793533802032471, 0.7536765336990356, 0.7191734910011292]","[[197, 228, 223, 252], [269, 159, 286, 174], [140, 246, 170, 274], [206, 161, 219, 173], [259, 146, 271, 156], [383, 123, 424, 140], [180, 171, 199, 192], [422, 120, 455, 137], [434, 163, 477, 177]]",['2020/04/19-16:20:19'],Counter({'car': 9}),9.0,0.0,0.0,0.0,0.0,0.0,0.0,0.0
47,Point,"[151.00475, -33.82758]",SYD_WEST,Parramatta Road (Parramatta),Parramatta Road at Woodville Road looking east towards Auburn.,E,https://www.rms.nsw.gov.au/trafficreports/cameras/camera_images/parrard_parra.jpg,"['car', 'car', 'car', 'car', 'car', 'car', 'car', 'car', 'car', 'car', 'car']","[0.9718893766403198, 0.9600122570991516, 0.959100604057312, 0.9530763030052185, 0.9294134378433228, 0.8197649717330933, 0.7705215215682983, 0.6977840662002563, 0.6115725636482239, 0.5479812622070312, 0.5215781331062317]","[[218, 160, 278, 223], [142, 84, 179, 111], [228, 73, 249, 87], [34, 196, 131, 276], [206, 58, 228, 79], [240, 41, 255, 53], [178, 93, 224, 124], [98, 102, 144, 133], [185, 129, 200, 142], [229, 62, 250, 75], [276, 28, 285, 34]]",['2020/04/19-16:20:20'],Counter({'car': 11}),11.0,0.0,0.0,0.0,0.0,0.0,0.0,0.0
48,Point,"[151.04221, -33.84504]",SYD_MET,Parramatta Road (Silverwater),Parramatta Road at Silverwater Road looking west towards Parramatta.,W,https://www.rms.nsw.gov.au/trafficreports/cameras/camera_images/parrard_silverwater.jpg,"['car', 'car', 'car']","[0.6489039063453674, 0.5205783843994141, 0.5085753202438354]","[[53, 166, 63, 173], [232, 152, 249, 176], [176, 164, 193, 182]]",['2020/04/19-16:20:20'],Counter({'car': 3}),3.0,0.0,0.0,0.0,0.0,0.0,0.0,0.0
49,Point,"[151.09364, -33.86652]",SYD_MET,Parramatta Road (Strathfield),Parramatta Road at Leicester Avenue looking east towards Burwood.,E,https://www.rms.nsw.gov.au/trafficreports/cameras/camera_images/parrard_strathfield.jpg,"['car', 'car', 'car', 'bus', 'car', 'car', 'bus', 'car']","[0.9963628053665161, 0.920660138130188, 0.8902084231376648, 0.836962103843689, 0.8111823201179504, 0.7844696640968323, 0.7131540179252625, 0.5448716878890991]","[[84, 194, 133, 236], [127, 130, 144, 142], [261, 168, 290, 190], [250, 121, 282, 170], [176, 210, 206, 223], [273, 191, 308, 223], [297, 217, 349, 279], [173, 131, 186, 140]]",['2020/04/19-16:20:21'],"Counter({'car': 6, 'bus': 2})",6.0,0.0,0.0,0.0,2.0,0.0,0.0,0.0
50,Point,"[151.29582, -33.70989]",SYD_NORTH,Pittwater Road (Narrabeen),Pittwater Road at Wakehurst Parkway looking north towards Mona Vale.,N,https://www.rms.nsw.gov.au/trafficreports/cameras/camera_images/pittwaterrd_narrabeen.jpg,"['car', 'car', 'car', 'car', 'car', 'car', 'car', 'car', 'car', 'car', 'car', 'truck', 'car', 'traffic light', 'car', 'car']","[0.9926024079322815, 0.9903084635734558, 0.9893286824226379, 0.9844155311584473, 0.9744158983230591, 0.974215030670166, 0.9515615701675415, 0.9321796298027039, 0.9118750095367432, 0.8821598291397095, 0.8537961840629578, 0.8247277140617371, 0.7899462580680847, 0.6091209650039673, 0.5856552720069885, 0.5040889978408813]","[[106, 90, 128, 111], [284, 159, 334, 196], [76, 73, 96, 89], [205, 143, 249, 181], [47, 133, 85, 171], [56, 107, 85, 130], [107, 74, 124, 88], [117, 149, 174, 192], [213, 128, 257, 156], [62, 48, 77, 56], [251, 76, 279, 93], [21, 190, 83, 261], [206, 66, 229, 81], [119, 27, 124, 32], [321, 90, 349, 119], [63, 65, 73, 73]]",['2020/04/19-16:20:21'],"Counter({'car': 14, 'truck': 1, 'traffic light': 1})",14.0,1.0,1.0,0.0,0.0,0.0,0.0,0.0
51,Point,"[151.11166, -33.98789]",SYD_MET,Princes Highway (Blakehurst),Princes Highway at the King Georges Road intersection looking south towards Sutherland.,S,https://www.rms.nsw.gov.au/trafficreports/cameras/camera_images/princes_blakehurst.jpg,"['car', 'car', 'car', 'car']","[0.9234890937805176, 0.8394522070884705, 0.6588209867477417, 0.5426252484321594]","[[178, 93, 191, 101], [267, 130, 295, 151], [123, 99, 135, 107], [119, 91, 131, 98]]",['2020/04/19-16:20:22'],Counter({'car': 4}),4.0,0.0,0.0,0.0,0.0,0.0,0.0,0.0
52,Point,"[151.13719, -33.96433]",SYD_MET,Princes Highway (Kogarah),Princes Highway at President Avenue looking south towards Ramsgate.,S,https://www.rms.nsw.gov.au/trafficreports/cameras/camera_images/princes_kogarah.jpg,"['car', 'car', 'car']","[0.9672446846961975, 0.9184659123420715, 0.8814466595649719]","[[158, 84, 175, 96], [-1, 163, 61, 208], [245, 70, 256, 79]]",['2020/04/19-16:20:22'],Counter({'car': 3}),3.0,0.0,0.0,0.0,0.0,0.0,0.0,0.0
53,Point,"[151.17467, -33.9156]",SYD_MET,Princes Highway (St Peters),Princes Highway at the Canal Road intersection looking north towards Sydney.,N,https://www.rms.nsw.gov.au/trafficreports/cameras/camera_images/princes_stpeters.jpg,"['car', 'car', 'car', 'car', 'car', 'car', 'car', 'car', 'car']","[0.9254116415977478, 0.9123223423957825, 0.9060685038566589, 0.879818856716156, 0.7043337821960449, 0.6607426404953003, 0.5639283657073975, 0.5633752346038818, 0.5071914196014404]","[[213, 120, 236, 137], [281, 166, 331, 205], [232, 161, 276, 197], [236, 130, 271, 159], [191, 99, 216, 114], [129, 85, 142, 93], [108, 91, 124, 98], [201, 110, 227, 126], [168, 71, 180, 78]]",['2020/04/19-16:20:23'],Counter({'car': 9}),9.0,0.0,0.0,0.0,0.0,0.0,0.0,0.0
54,Point,"[151.09685, -33.82227]",SYD_NORTH,Ryde Bridge (Ryde),Church Street crossing Ryde Bridge looking north towards Ryde.,N,https://www.rms.nsw.gov.au/trafficreports/cameras/camera_images/rydebridge.jpg,"['car', 'car', 'car', 'car', 'car', 'car', 'car', 'car']","[0.9613299369812012, 0.9311519265174866, 0.9029252529144287, 0.8368186354637146, 0.8277721405029297, 0.7687321901321411, 0.7665440440177917, 0.6548733711242676]","[[64, 121, 104, 151], [98, 141, 141, 173], [45, 103, 73, 125], [152, 84, 168, 94], [161, 75, 175, 84], [149, 64, 159, 71], [274, 133, 313, 165], [142, 72, 152, 79]]",['2020/04/19-16:20:23'],Counter({'car': 8}),8.0,0.0,0.0,0.0,0.0,0.0,0.0,0.0
55,Point,"[150.9429, -33.76812]",SYD_WEST,Seven Hills Road (Seven Hills),Seven Hills Road at Abbot Road looking west towards Seven Hills.,W,https://www.rms.nsw.gov.au/trafficreports/cameras/camera_images/sevenhillsrd_sevenhills.jpg,['car'],[0.994390070438385],"[[206, 205, 255, 249]]",['2020/04/19-16:20:24'],Counter({'car': 1}),1.0,0.0,0.0,0.0,0.0,0.0,0.0,0.0
56,Point,"[151.20738, -33.93581]",SYD_MET,Southern Cross Drive (Eastlakes),Southern Cross Drive at Wentworth Avenue looking south towards Mascot.,S,https://www.rms.nsw.gov.au/trafficreports/cameras/camera_images/scd_eastlakes.jpg,"['car', 'car', 'car', 'car', 'car']","[0.9136036038398743, 0.8674932718276978, 0.8432912826538086, 0.796091616153717, 0.6526552438735962]","[[87, 230, 120, 257], [137, 137, 146, 142], [275, 198, 290, 209], [119, 140, 128, 145], [49, 164, 62, 175]]",['2020/04/19-16:20:24'],Counter({'car': 5}),5.0,0.0,0.0,0.0,0.0,0.0,0.0,0.0
57,Point,"[151.06529, -33.7965]",SYD_NORTH,Stewart Street (Eastwood),Corner of Stewart Street and Marsden Road looking west towards Parramatta.,W,https://www.rms.nsw.gov.au/trafficreports/cameras/camera_images/stewartst_eastwood.jpg,[],[],[],['2020/04/19-16:20:25'],Counter(),0.0,0.0,0.0,0.0,0.0,0.0,0.0,0.0
58,Point,"[151.24969, -33.89104]",SYD_MET,Syd Einfeld Drive (Bondi Junction),Syd Einfeld Drive looking west towards Sydney CBD.,W,https://www.rms.nsw.gov.au/trafficreports/cameras/camera_images/sed_bondijunction.jpg,['car'],[0.5482293367385864],"[[264, 162, 282, 173]]",['2020/04/19-16:20:25'],Counter({'car': 1}),1.0,0.0,0.0,0.0,0.0,0.0,0.0,0.0
59,Point,"[151.21152, -33.85106]",SYD_MET,Sydney Harbour Bridge,Sydney Harbour Bridge deck looking south towards the Sydney CBD.,S,https://www.rms.nsw.gov.au/trafficreports/cameras/camera_images/harbourbridge.jpg,"['car', 'car']","[0.9024580121040344, 0.8231370449066162]","[[428, 420, 467, 458], [533, 413, 565, 437]]",['2020/04/19-16:20:26'],Counter({'car': 2}),2.0,0.0,0.0,0.0,0.0,0.0,0.0,0.0
60,Point,"[151.15636, -33.9609]",SYD_MET,The Grand Parade (Brighton-Le-Sands),The Grand Parade at Bay Street looking north towards Sydney Airport.,N,https://www.rms.nsw.gov.au/trafficreports/cameras/camera_images/grandpde_bls.jpg,"['traffic light', 'car']","[0.9901866316795349, 0.9581962823867798]","[[212, 64, 237, 118], [168, 126, 207, 153]]",['2020/04/19-16:20:26'],"Counter({'traffic light': 1, 'car': 1})",1.0,0.0,1.0,0.0,0.0,0.0,0.0,0.0
61,Point,"[151.12679, -33.83002]",SYD_NORTH,Victoria Road (Gladesville),Victoria Road at Pittwater Road looking north-west towards Ryde.,N-W,https://www.rms.nsw.gov.au/trafficreports/cameras/camera_images/victoriard_gladesville.jpg,"['car', 'car', 'car', 'car', 'car', 'car', 'car']","[0.9660994410514832, 0.9499301314353943, 0.92802494764328, 0.9259705543518066, 0.8116902112960815, 0.6745063662528992, 0.6395491361618042]","[[193, 213, 258, 284], [269, 125, 292, 145], [174, 110, 191, 124], [191, 92, 204, 101], [244, 71, 254, 77], [264, 107, 281, 121], [262, 118, 279, 132]]",['2020/04/19-16:20:27'],Counter({'car': 7}),7.0,0.0,0.0,0.0,0.0,0.0,0.0,0.0
62,Point,"[151.21196, -33.83339]",SYD_NORTH,Warringah Freeway (North Sydney),"The Warringah Freeway, approaching the Sydney Harbour Tunnel looking south towards the city.",S,https://www.rms.nsw.gov.au/trafficreports/cameras/camera_images/warringahfwy.jpg,"['car', 'car', 'car', 'truck', 'car', 'car']","[0.8611287474632263, 0.7489309310913086, 0.6833978295326233, 0.5996354818344116, 0.5965583920478821, 0.507430374622345]","[[29, 162, 47, 176], [207, 150, 218, 162], [105, 159, 121, 170], [188, 114, 201, 134], [139, 126, 149, 134], [333, 162, 349, 175]]",['2020/04/19-16:20:27'],"Counter({'car': 5, 'truck': 1})",5.0,1.0,0.0,0.0,0.0,0.0,0.0,0.0
63,Point,"[151.20522, -33.77139]",SYD_NORTH,Warringah Road (Forestville),Warringah Road at Healey Way looking east towards Frenchs Forest.,E,https://www.rms.nsw.gov.au/trafficreports/cameras/camera_images/warringahrd_forestville.jpg,"['car', 'car', 'car', 'car', 'car']","[0.9467343688011169, 0.9361892342567444, 0.878042995929718, 0.845903754234314, 0.5622026324272156]","[[456, 400, 487, 419], [452, 439, 502, 472], [350, 418, 386, 440], [319, 397, 350, 417], [376, 364, 399, 377]]",['2020/04/19-16:20:28'],Counter({'car': 5}),5.0,0.0,0.0,0.0,0.0,0.0,0.0,0.0
64,Point,"[151.22659, -33.75168]",SYD_NORTH,Warringah Road (Frenchs Forest),Warringah Road at Forest Way looking west towards Forestville.,W,https://www.rms.nsw.gov.au/trafficreports/cameras/camera_images/warringahrd_frenchsforest.jpg,"['car', 'car', 'car', 'car', 'car', 'traffic light', 'traffic light', 'traffic light', 'traffic light']","[0.9825466871261597, 0.9631321430206299, 0.9051015973091125, 0.818363606929779, 0.7219224572181702, 0.600627601146698, 0.5253532528877258, 0.5219021439552307, 0.5129454135894775]","[[345, 158, 364, 176], [392, 154, 412, 172], [248, 187, 283, 217], [357, 123, 368, 132], [290, 187, 329, 222], [448, 176, 454, 187], [448, 160, 454, 178], [473, 186, 478, 197], [156, 160, 164, 176]]",['2020/04/19-16:20:28'],"Counter({'car': 5, 'traffic light': 4})",5.0,0.0,4.0,0.0,0.0,0.0,0.0,0.0
65,Point,"[151.2041, -33.88291]",SYD_MET,George Street (Railway square),"Railway Square, George Street looking north towards Sydney CBD.",N,https://www.rms.nsw.gov.au/trafficreports/cameras/camera_images/georgest.jpg,"['car', 'traffic light', 'car', 'person', 'car', 'car', 'person', 'traffic light', 'motorcycle']","[0.9783409833908081, 0.9641756415367126, 0.88369220495224, 0.8811953067779541, 0.7687017321586609, 0.7644209265708923, 0.7526373863220215, 0.7003185749053955, 0.6206000447273254]","[[3, 323, 78, 359], [322, 153, 333, 176], [372, 322, 467, 360], [75, 210, 85, 236], [276, 128, 290, 137], [314, 122, 327, 131], [64, 207, 75, 237], [414, 201, 425, 225], [146, 201, 160, 222]]",['2020/04/19-16:20:29'],"Counter({'car': 4, 'traffic light': 2, 'person': 2, 'motorcycle': 1})",4.0,0.0,2.0,2.0,0.0,1.0,0.0,0.0
66,Point,"[148.522067, -36.350024]",REG_SOUTH,Kosciuszko Road (Wilson's Valley),Wilson's Valley chain bay looking south-west towards Perisher Valley.,S-W,https://www.rms.nsw.gov.au/trafficreports/cameras/camera_images/kosciuszkord_wilsonsvalley.jpg,[],[],[],['2020/04/19-16:20:29'],Counter(),0.0,0.0,0.0,0.0,0.0,0.0,0.0,0.0
67,Point,"[151.108333, -33.777707]",SYD_NORTH,Epping Road (Macquarie Park),Epping Road at Balaclava Road looking west towards Epping.,W,https://www.rms.nsw.gov.au/trafficreports/cameras/camera_images/eppingrd_macquariepark.jpg,[],[],[],['2020/04/19-16:20:30'],Counter(),0.0,0.0,0.0,0.0,0.0,0.0,0.0,0.0
68,Point,"[151.081401, -33.730807]",SYD_NORTH,Pennant Hills Road (Thornleigh),Pennant Hills Road at The Comenarra Parkway looking south towards Carlingford.,S,https://www.rms.nsw.gov.au/trafficreports/cameras/camera_images/pennanthillsrd_thornleigh.jpg,"['car', 'traffic light', 'car', 'car', 'car', 'car', 'car', 'traffic light']","[0.9559641480445862, 0.9414314031600952, 0.8972936868667603, 0.7961856126785278, 0.7144190669059753, 0.6926228404045105, 0.6843879818916321, 0.5791193842887878]","[[156, 121, 172, 131], [17, 138, 34, 164], [181, 122, 199, 133], [113, 110, 126, 118], [72, 167, 111, 204], [217, 122, 239, 135], [251, 192, 322, 267], [59, 82, 64, 89]]",['2020/04/19-16:20:30'],"Counter({'car': 6, 'traffic light': 2})",6.0,0.0,2.0,0.0,0.0,0.0,0.0,0.0
69,Point,"[151.035992, -33.838697]",SYD_WEST,M4 Western Motorway (Auburn),M4 Western Motorway at Auburn looking west towards St Marys.,W,https://www.rms.nsw.gov.au/trafficreports/cameras/camera_images/m4_auburn.jpg,"['car', 'car', 'car', 'car', 'car', 'car', 'car', 'truck']","[0.9676390886306763, 0.9236359000205994, 0.8162842988967896, 0.7627403140068054, 0.6893380880355835, 0.5441878437995911, 0.5303521752357483, 0.5117796063423157]","[[221, 152, 241, 167], [266, 166, 291, 184], [252, 222, 297, 253], [16, 91, 24, 97], [130, 116, 144, 128], [103, 108, 114, 115], [87, 119, 110, 132], [128, 154, 158, 193]]",['2020/04/19-16:20:31'],"Counter({'car': 7, 'truck': 1})",7.0,1.0,0.0,0.0,0.0,0.0,0.0,0.0
70,Point,"[151.163759, -33.810643]",SYD_NORTH,Epping Road (Lane Cove),Epping Road at Centennial Avenue looking west towards Lane Cove.,W,https://www.rms.nsw.gov.au/trafficreports/cameras/camera_images/eppingrd_lanecove.jpg,"['car', 'car', 'car', 'car', 'car', 'car']","[0.988669753074646, 0.9857209324836731, 0.9713170528411865, 0.9485332369804382, 0.811825156211853, 0.8060576319694519]","[[166, 198, 223, 246], [137, 176, 175, 209], [84, 180, 157, 246], [152, 157, 190, 189], [16, 186, 76, 246], [162, 146, 206, 178]]",['2020/04/19-16:20:32'],Counter({'car': 6}),6.0,0.0,0.0,0.0,0.0,0.0,0.0,0.0
71,Point,"[150.451611, -33.720882]",SYD_WEST,Great Western Highway (Hazelbrook),Great Western Highway at Oaklands Road looking east towards Sydney.,E,https://www.rms.nsw.gov.au/trafficreports/cameras/camera_images/greatwesternhwy_hazelbrook.jpg,"['car', 'car', 'bus']","[0.9422640204429626, 0.7889693379402161, 0.570565402507782]","[[185, 191, 255, 237], [87, 93, 99, 101], [100, 96, 117, 115]]",['2020/04/19-16:20:32'],"Counter({'car': 2, 'bus': 1})",2.0,0.0,0.0,0.0,1.0,0.0,0.0,0.0
72,Point,"[151.056689, -34.073084]",SYD_SOUTH,Audley Road (Audley Weir),Audley Road at Audley Weir looking east towards Sir Bertram Stevens Drive.,E,https://www.rms.nsw.gov.au/trafficreports/cameras/camera_images/audleyrd_audley.jpg,"['car', 'person']","[0.9801594018936157, 0.9727350473403931]","[[319, 145, 339, 161], [460, 221, 474, 256]]",['2020/04/19-16:20:33'],"Counter({'car': 1, 'person': 1})",1.0,0.0,0.0,1.0,0.0,0.0,0.0,0.0
73,Point,"[151.080881, -33.770871]",SYD_NORTH,Carlingford Road (Epping),Carlingford Road at Beecroft Road looking west towards Carlingford.,W,https://www.rms.nsw.gov.au/trafficreports/cameras/camera_images/beecroftrd_epping.jpg,"['car', 'car', 'car', 'traffic light']","[0.9730404019355774, 0.9676925539970398, 0.910973072052002, 0.6373507976531982]","[[308, 226, 359, 258], [276, 213, 312, 236], [197, 179, 211, 188], [151, 157, 156, 165]]",['2020/04/19-16:20:33'],"Counter({'car': 3, 'traffic light': 1})",3.0,0.0,1.0,0.0,0.0,0.0,0.0,0.0
74,Point,"[151.635833, -32.8134]",REG_NORTH,M1 Pacific Motorway (John Renshaw Drive),M1 Pacific Motorway at John Renshaw Drive looking south towards Sydney.,S,https://www.rms.nsw.gov.au/trafficreports/cameras/camera_images/f3_johnrenshawdr.jpg,"['traffic light', 'traffic light', 'traffic light']","[0.6492673754692078, 0.6176106929779053, 0.593605637550354]","[[236, 240, 246, 262], [163, 162, 170, 176], [128, 178, 134, 191]]",['2020/04/19-16:20:34'],Counter({'traffic light': 3}),0.0,0.0,3.0,0.0,0.0,0.0,0.0,0.0
75,Point,"[151.422404, -33.228646]",REG_NORTH,M1 Pacific Motorway (Sparks Road),M1 Pacific Motorway at Sparks Road looking north towards Newcastle.,N,https://www.rms.nsw.gov.au/trafficreports/cameras/camera_images/f3_sparkesrd.jpg,[],[],[],['2020/04/19-16:20:34'],Counter(),0.0,0.0,0.0,0.0,0.0,0.0,0.0,0.0
76,Point,"[151.010562, -34.079598]",SYD_SOUTH,Princes Highway (Heathcote),Princes Highway at Heathcote looking south towards Wollongong.,S,https://www.rms.nsw.gov.au/trafficreports/cameras/camera_images/f6_waterfall.jpg,"['car', 'car', 'car', 'truck', 'car']","[0.9790278673171997, 0.9227769374847412, 0.7802789807319641, 0.6955999732017517, 0.6612180471420288]","[[122, 161, 166, 190], [201, 137, 224, 155], [155, 167, 195, 200], [0, 118, 36, 181], [312, 195, 352, 258]]",['2020/04/19-16:20:35'],"Counter({'car': 4, 'truck': 1})",4.0,1.0,0.0,0.0,0.0,0.0,0.0,0.0
77,Point,"[150.858024, -34.39078]",REG_SOUTH,M1 Princes Motorway (Mt Ousley),M1 Princes Motorway at Mt Ousley Road looking north towards Sydney.,N,https://www.rms.nsw.gov.au/trafficreports/cameras/camera_images/f6_mtousley.jpg,[],[],[],['2020/04/19-16:20:35'],Counter(),0.0,0.0,0.0,0.0,0.0,0.0,0.0,0.0
78,Point,"[151.201508, -33.817233]",SYD_NORTH,Gore Hill Freeway (Artarmon),Gore Hill Freeway at Artarmon looking south towards Sydney Harbour Bridge.,S,https://www.rms.nsw.gov.au/trafficreports/cameras/camera_images/gorehillfwy_artarmon.jpg,"['car', 'car', 'car']","[0.7911570072174072, 0.772617518901825, 0.6151343584060669]","[[282, 115, 310, 137], [160, 88, 167, 94], [159, 93, 166, 100]]",['2020/04/19-16:20:36'],Counter({'car': 3}),3.0,0.0,0.0,0.0,0.0,0.0,0.0,0.0
79,Point,"[150.963639, -33.81629]",SYD_WEST,M4 Western Motorway (Mays Hill),M4 Western Motorway at Cumberland Highway looking east towards Sydney.,E,https://www.rms.nsw.gov.au/trafficreports/cameras/camera_images/m4_mayshill.jpg,"['car', 'traffic light', 'car']","[0.8579804301261902, 0.8311998844146729, 0.5672356486320496]","[[247, 113, 274, 134], [70, 84, 84, 105], [135, 80, 150, 93]]",['2020/04/19-16:20:36'],"Counter({'car': 2, 'traffic light': 1})",2.0,0.0,1.0,0.0,0.0,0.0,0.0,0.0
80,Point,"[151.035648, -33.940298]",SYD_SOUTH,M5 (Padstow),M5 at Fairford Road looking east towards Arncliffe.,E,https://www.rms.nsw.gov.au/trafficreports/cameras/camera_images/m5_padstow.jpg,"['car', 'car', 'car', 'car', 'car', 'car', 'car', 'car', 'car', 'truck']","[0.7413929104804993, 0.7377968430519104, 0.6674955487251282, 0.6646899580955505, 0.6310213208198547, 0.6290940642356873, 0.6253622174263, 0.6100974678993225, 0.5866363048553467, 0.5781190395355225]","[[239, 169, 253, 178], [245, 190, 260, 204], [126, 80, 135, 87], [142, 82, 152, 88], [118, 171, 132, 183], [140, 175, 155, 186], [113, 148, 124, 156], [166, 99, 178, 111], [275, 202, 294, 215], [151, 189, 165, 206]]",['2020/04/19-16:20:37'],"Counter({'car': 9, 'truck': 1})",9.0,1.0,0.0,0.0,0.0,0.0,0.0,0.0
81,Point,"[151.682176, -32.821351]",REG_NORTH,New England Highway (Hexham),New England Highway near Hexham Bridge looking south towards Newcastle.,S,https://www.rms.nsw.gov.au/trafficreports/cameras/camera_images/newenglandhwy_hexham.jpg,"['car', 'truck', 'traffic light', 'car', 'car']","[0.93039470911026, 0.8921233415603638, 0.8227947950363159, 0.7974791526794434, 0.6663046479225159]","[[203, 90, 232, 112], [273, 117, 314, 156], [164, 28, 175, 45], [279, 44, 290, 52], [284, 64, 299, 71]]",['2020/04/19-16:20:37'],"Counter({'car': 3, 'truck': 1, 'traffic light': 1})",3.0,1.0,1.0,0.0,0.0,0.0,0.0,0.0
82,Point,"[151.687725, -32.9044]",REG_NORTH,Newcastle Road (Newcastle),Newcastle Road at Crest Road looking west towards M1 Pacific Motorway.,W,https://www.rms.nsw.gov.au/trafficreports/cameras/camera_images/newcastlelinkrd_newcastle.jpg,"['bus', 'car']","[0.9814860224723816, 0.7470737099647522]","[[6, 53, 94, 96], [66, 131, 154, 198]]",['2020/04/19-16:20:38'],"Counter({'bus': 1, 'car': 1})",1.0,0.0,0.0,0.0,1.0,0.0,0.0,0.0
83,Point,"[150.791795, -34.55638]",REG_SOUTH,Princes Highway (Albion Park Rail),Princes Highway at Airport Road looking north towards Wollongong.,N,https://www.rms.nsw.gov.au/trafficreports/cameras/camera_images/princeshwy_albionparkrail.jpg,"['car', 'car', 'car', 'traffic light', 'car', 'car']","[0.9676241874694824, 0.9501080513000488, 0.9369267821311951, 0.9050817489624023, 0.6548734903335571, 0.5402701497077942]","[[61, 145, 88, 167], [82, 252, 155, 288], [63, 128, 86, 143], [195, 113, 205, 133], [75, 88, 88, 96], [64, 104, 78, 112]]",['2020/04/19-16:20:38'],"Counter({'car': 5, 'traffic light': 1})",5.0,0.0,1.0,0.0,0.0,0.0,0.0,0.0
84,Point,"[151.066129, -34.035113]",SYD_SOUTH,Princes Highway (Sutherland),Princes Highway at President Avenue looking south towards Waterfall.,S,https://www.rms.nsw.gov.au/trafficreports/cameras/camera_images/princeshwy_sutherland.jpg,"['car', 'car', 'car', 'car', 'car', 'car', 'car', 'car', 'car', 'car']","[0.9826896786689758, 0.9590515494346619, 0.9490624666213989, 0.94548100233078, 0.9377856850624084, 0.9301610589027405, 0.9296709895133972, 0.895687460899353, 0.7256755828857422, 0.5742539167404175]","[[165, 92, 197, 114], [135, 119, 185, 160], [249, 97, 274, 117], [-1, 152, 33, 205], [184, 106, 221, 129], [85, 113, 145, 149], [1, 114, 33, 144], [219, 99, 241, 113], [300, 87, 312, 94], [200, 88, 224, 104]]",['2020/04/19-16:20:39'],Counter({'car': 10}),10.0,0.0,0.0,0.0,0.0,0.0,0.0,0.0
85,Point,"[151.043805, -33.843141]",SYD_WEST,Silverwater Road (Silverwater),Silverwater Road at M4 Western Motorway looking south towards Auburn.,S,https://www.rms.nsw.gov.au/trafficreports/cameras/camera_images/silverwaterrd_silverwater.jpg,"['car', 'car', 'car']","[0.9444120526313782, 0.7759162783622742, 0.7638031244277954]","[[100, 101, 118, 115], [84, 80, 99, 93], [104, 112, 129, 134]]",['2020/04/19-16:20:39'],Counter({'car': 3}),3.0,0.0,0.0,0.0,0.0,0.0,0.0,0.0
86,Point,"[150.8926, -34.412822]",REG_SOUTH,Princes Highway (Wollongong),Princes Highway near Bourke Street looking north towards Bulli.,N,https://www.rms.nsw.gov.au/trafficreports/cameras/camera_images/princeshwy_wollongong.jpg,"['car', 'car', 'car', 'car', 'truck']","[0.9304314255714417, 0.8785829544067383, 0.8773686289787292, 0.7854323387145996, 0.6834364533424377]","[[219, 121, 275, 151], [153, 107, 177, 121], [54, 88, 64, 94], [182, 115, 214, 133], [304, 106, 349, 189]]",['2020/04/19-16:20:40'],"Counter({'car': 4, 'truck': 1})",4.0,1.0,0.0,0.0,0.0,0.0,0.0,0.0
87,Point,"[151.601391, -32.88914]",REG_NORTH,M1 Pacific Motorway (Hunter Expressway),M1 Pacific Motorway at Hunter Expressway looking south towards Sydney.,S,https://www.rms.nsw.gov.au/trafficreports/cameras/camera_images/hunterexpressway_m1.jpg,[],[],[],['2020/04/19-16:20:41'],Counter(),0.0,0.0,0.0,0.0,0.0,0.0,0.0,0.0
88,Point,"[151.151576, -33.938402]",SYD_MET,Marsh Street (Arncliffe),Marsh Street at West Botany Street looking east towards M5 East on-ramp.,E,https://www.rms.nsw.gov.au/trafficreports/cameras/camera_images/m5_arncliffe.jpg,['traffic light'],[0.9925804734230042],"[[33, 169, 54, 197]]",['2020/04/19-16:20:41'],Counter({'traffic light': 1}),0.0,0.0,1.0,0.0,0.0,0.0,0.0,0.0
89,Point,"[150.802497, -34.067885]",SYD_SOUTH,Narellan Road (Campbelltown),Narellan Road at Blaxland Road looking north-west towards M1 Hume Motorway.,N-W,https://www.rms.nsw.gov.au/trafficreports/cameras/camera_images/narelland_campbelltown.jpg,"['car', 'car', 'car', 'car', 'car', 'car', 'car']","[0.9707388281822205, 0.9693624377250671, 0.9658436179161072, 0.9460169076919556, 0.9400511980056763, 0.859258234500885, 0.638656735420227]","[[215, 280, 266, 323], [104, 336, 204, 415], [-2, 417, 120, 481], [255, 256, 295, 292], [-3, 313, 59, 372], [2, 282, 66, 319], [148, 226, 184, 247]]",['2020/04/19-16:20:42'],Counter({'car': 7}),7.0,0.0,0.0,0.0,0.0,0.0,0.0,0.0
90,Point,"[151.138868, -33.886095]",SYD_MET,Parramatta Road (Ashfield),Parramatta Road at Liverpool Road looking south-east towards Sydney.,S-E,https://www.rms.nsw.gov.au/trafficreports/cameras/camera_images/parra_ashfield.jpg,"['car', 'car', 'car', 'car', 'truck', 'car', 'car', 'car', 'car', 'car', 'car', 'car', 'car', 'car']","[0.9506454467773438, 0.9440761208534241, 0.9431650042533875, 0.9412361979484558, 0.9152035713195801, 0.9043251872062683, 0.8989248871803284, 0.8448431491851807, 0.7940045595169067, 0.7551355361938477, 0.7545769810676575, 0.742881715297699, 0.5960269570350647, 0.5400660037994385]","[[101, 131, 124, 153], [232, 146, 264, 172], [307, 180, 349, 231], [211, 137, 240, 156], [35, 154, 74, 190], [76, 116, 95, 133], [151, 141, 178, 164], [262, 153, 317, 196], [207, 114, 230, 136], [288, 147, 327, 172], [256, 137, 280, 147], [107, 122, 126, 134], [169, 98, 176, 104], [237, 132, 258, 146]]",['2020/04/19-16:20:42'],"Counter({'car': 13, 'truck': 1})",13.0,1.0,0.0,0.0,0.0,0.0,0.0,0.0
91,Point,"[150.174801, -35.70812]",REG_SOUTH,Princes Highway (Batemans Bay),Princes Highway at Beach Road looking north towards Nowra.,N,https://www.rms.nsw.gov.au/trafficreports/cameras/camera_images/princeshwy_batemans.jpg,['car'],[0.567227840423584],"[[300, 98, 328, 105]]",['2020/04/19-16:20:43'],Counter({'car': 1}),1.0,0.0,0.0,0.0,0.0,0.0,0.0,0.0
92,Point,"[150.913954, -34.329975]",REG_SOUTH,Princes Highway (Bulli),Princes Highway at Point Street looking north towards Sydney.,N,https://www.rms.nsw.gov.au/trafficreports/cameras/camera_images/princeshwy_bulli.jpg,"['car', 'car', 'traffic light', 'car']","[0.9708108901977539, 0.9513992667198181, 0.9366260766983032, 0.668203592300415]","[[196, 116, 217, 133], [278, 124, 299, 136], [305, 95, 329, 133], [174, 119, 194, 131]]",['2020/04/19-16:20:44'],"Counter({'car': 3, 'traffic light': 1})",3.0,0.0,1.0,0.0,0.0,0.0,0.0,0.0
93,Point,"[151.007751, -34.023547]",SYD_SOUTH,New Illawarra Road (Bangor Bypass),New Illawarra Road at Bangor Bypass looking south towards Lucas Heights.,S,https://www.rms.nsw.gov.au/trafficreports/cameras/camera_images/alfords_bangorbp.jpg,[],[],[],['2020/04/19-16:20:44'],Counter(),0.0,0.0,0.0,0.0,0.0,0.0,0.0,0.0
94,Point,"[150.919356, -33.91941]",SYD_SOUTH,"Hume Highway (Elizabeth Drive, Liverpool)",Hume Highway at Elizabeth Drive looking north toward Lansvale.,N,https://www.rms.nsw.gov.au/trafficreports/cameras/camera_images/elizabethdr_livepool.jpg,"['car', 'car', 'car', 'car', 'car', 'car', 'car', 'truck', 'car', 'car', 'truck']","[0.9801779389381409, 0.9496299028396606, 0.9271947741508484, 0.9214630722999573, 0.8923723697662354, 0.772859513759613, 0.7549851536750793, 0.719427227973938, 0.6876958608627319, 0.6195064783096313, 0.5961402058601379]","[[56, 153, 70, 160], [204, 172, 232, 189], [181, 167, 206, 182], [147, 171, 171, 187], [65, 176, 86, 191], [37, 148, 48, 154], [99, 194, 125, 217], [168, 187, 215, 226], [306, 193, 350, 225], [212, 193, 255, 222], [269, 194, 313, 228]]",['2020/04/19-16:20:45'],"Counter({'car': 9, 'truck': 2})",9.0,2.0,0.0,0.0,0.0,0.0,0.0,0.0
95,Point,"[150.871564, -34.465594]",REG_SOUTH,Five Islands Road (Port Kembla),Five Island Road at Springhill Road Looking south-east towards Warilla.,S-E,https://www.rms.nsw.gov.au/trafficreports/cameras/camera_images/fiveislands_portkembla.jpg,"['car', 'car', 'traffic light', 'car']","[0.9412949085235596, 0.6462692022323608, 0.554219126701355, 0.5194582939147949]","[[237, 138, 257, 153], [170, 159, 206, 184], [105, 131, 113, 142], [333, 128, 347, 135]]",['2020/04/19-16:20:45'],"Counter({'car': 3, 'traffic light': 1})",3.0,0.0,1.0,0.0,0.0,0.0,0.0,0.0
96,Point,"[151.076989, -33.85429]",SYD_MET,Homebush Bay Drive (Homebush),Homebush Bay Drive at Underwood Road looking north-east towards Ryde.,N-E,https://www.rms.nsw.gov.au/trafficreports/cameras/camera_images/homebushbay_homebush.jpg,[],[],[],['2020/04/19-16:20:46'],Counter(),0.0,0.0,0.0,0.0,0.0,0.0,0.0,0.0
97,Point,"[150.900312, -34.383533]",REG_SOUTH,Memorial Drive (Towradgi),Memorial Drive at Towradgi Road looking north towards Bulli.,N,https://www.rms.nsw.gov.au/trafficreports/cameras/camera_images/memorialdr_towradge.jpg,['traffic light'],[0.8939116597175598],"[[12, 118, 26, 144]]",['2020/04/19-16:20:46'],Counter({'traffic light': 1}),0.0,0.0,1.0,0.0,0.0,0.0,0.0,0.0
98,Point,"[152.920825, -30.70743]",REG_NORTH,Pacific Highway (Macksville),Pacific Highway at Wallace Street looking north towards Urunga.,N,https://www.rms.nsw.gov.au/trafficreports/cameras/camera_images/pacifichwy_macksville.jpg,['person'],[0.6264907121658325],"[[181, 141, 270, 283]]",['2020/04/19-16:20:47'],Counter({'person': 1}),0.0,0.0,0.0,1.0,0.0,0.0,0.0,0.0
99,Point,"[151.064007, -33.740195]",SYD_NORTH,Pennant Hills Road (Beecroft),Pennant Hills Road at Beecroft Road looking east towards Pennant Hills.,E,https://www.rms.nsw.gov.au/trafficreports/cameras/camera_images/pennanthills_beecroft.jpg,['car'],[0.9534913301467896],"[[235, 86, 253, 99]]",['2020/04/19-16:20:47'],Counter({'car': 1}),1.0,0.0,0.0,0.0,0.0,0.0,0.0,0.0
100,Point,"[151.709905, -32.809658]",REG_NORTH,Pacific Highway (Tomago),Pacific Highway near Old Punt Road looking south-west towards Hexham.,S-W,https://www.rms.nsw.gov.au/trafficreports/cameras/camera_images/pacifichwy_tomago.jpg,[],[],[],['2020/04/19-16:20:48'],Counter(),0.0,0.0,0.0,0.0,0.0,0.0,0.0,0.0
101,Point,"[150.859907, -34.552399]",REG_SOUTH,Shellharbour Road (Warilla),Shellharbour Road at Lake Entrance Road looking north towards Port Kembla.,N,https://www.rms.nsw.gov.au/trafficreports/cameras/camera_images/shellharbour_warilla.jpg,"['car', 'car', 'car', 'car']","[0.8501273989677429, 0.8199416399002075, 0.7644838094711304, 0.5671033263206482]","[[131, 54, 151, 70], [234, 45, 248, 54], [202, 49, 217, 58], [260, 47, 274, 56]]",['2020/04/19-16:20:48'],Counter({'car': 4}),4.0,0.0,0.0,0.0,0.0,0.0,0.0,0.0
102,Point,"[151.205623, -33.865088]",SYD_MET,York Street (Sydney),York Street at Margaret Street looking north towards Sydney Harbour Bridge.,N,https://www.rms.nsw.gov.au/trafficreports/cameras/camera_images/yorkst_sydney.jpg,['traffic light'],[0.6201057434082031],"[[271, 36, 281, 55]]",['2020/04/19-16:20:49'],Counter({'traffic light': 1}),0.0,0.0,1.0,0.0,0.0,0.0,0.0,0.0
103,Point,"[151.265661, -33.788582]",SYD_NORTH,Burnt Bridge Creek (Balgowlah),Burnt Bridge Creek at Condamine Street looking north towards Dee Why.,N,https://www.rms.nsw.gov.au/trafficreports/cameras/camera_images/burntbrdg_seaforth.jpg,"['car', 'car', 'car', 'car', 'car']","[0.984149158000946, 0.8982651829719543, 0.8875336647033691, 0.8397907614707947, 0.6798641085624695]","[[578, 296, 639, 343], [681, 248, 719, 273], [0, 464, 256, 624], [437, 394, 596, 509], [505, 184, 530, 197]]",['2020/04/19-16:20:49'],Counter({'car': 5}),5.0,0.0,0.0,0.0,0.0,0.0,0.0,0.0
104,Point,"[151.094534, -33.965695]",SYD_MET,King Georges Road (Hurstville),King Georges Road at Woniora Road looking south-east towards Blakehurst.,S-E,https://www.rms.nsw.gov.au/trafficreports/cameras/camera_images/kinggeorge_hurstville.jpg,"['car', 'traffic light', 'car']","[0.8806829452514648, 0.7430459856987, 0.5231139659881592]","[[271, 111, 278, 115], [96, 105, 110, 128], [248, 111, 256, 116]]",['2020/04/19-16:20:50'],"Counter({'car': 2, 'traffic light': 1})",2.0,0.0,1.0,0.0,0.0,0.0,0.0,0.0
105,Point,"[151.103865, -33.937089]",SYD_MET,M5 (Kingsgrove),M5 at Kingsgrove Road looking west towards Beverly Hills.,W,https://www.rms.nsw.gov.au/trafficreports/cameras/camera_images/m5_kingsgrove.jpg,"['car', 'car', 'car', 'car']","[0.9802570343017578, 0.972934901714325, 0.9372782111167908, 0.8862522840499878]","[[273, 144, 301, 167], [319, 115, 333, 126], [105, 131, 133, 147], [0, 141, 41, 160]]",['2020/04/19-16:20:51'],Counter({'car': 4}),4.0,0.0,0.0,0.0,0.0,0.0,0.0,0.0
106,Point,"[151.231838, -33.876651]",SYD_MET,New South Head Road (Edgecliff),New South Head Road at New Beach Road looking east towards Double Bay.,E,https://www.rms.nsw.gov.au/trafficreports/cameras/camera_images/newsthhead_edgecliff.jpg,"['car', 'traffic light', 'car', 'bicycle']","[0.985987663269043, 0.9725627303123474, 0.7446743249893188, 0.6108765006065369]","[[252, 218, 349, 286], [53, 106, 64, 129], [193, 110, 220, 127], [95, 165, 125, 184]]",['2020/04/19-16:20:51'],"Counter({'car': 2, 'traffic light': 1, 'bicycle': 1})",2.0,0.0,1.0,0.0,0.0,0.0,1.0,0.0
107,Point,"[151.253425, -33.890973]",SYD_MET,Old South Head Road (Bondi Junction),Old South Head Road at Bondi Road looking east towards Vaucluse.,E,https://www.rms.nsw.gov.au/trafficreports/cameras/camera_images/oldsthhead_bondi.jpg,"['car', 'car', 'traffic light', 'bicycle', 'car', 'traffic light', 'car', 'car', 'person', 'car', 'traffic light', 'car']","[0.9888338446617126, 0.9526481628417969, 0.8295732140541077, 0.7628328204154968, 0.75357985496521, 0.7514857053756714, 0.7161454558372498, 0.7121644020080566, 0.7074714303016663, 0.6862683892250061, 0.6569627523422241, 0.5379382371902466]","[[437, 436, 559, 522], [661, 315, 700, 346], [859, 397, 890, 459], [593, 479, 649, 576], [532, 397, 600, 458], [447, 231, 474, 295], [673, 488, 758, 570], [445, 401, 517, 450], [348, 449, 386, 511], [515, 366, 581, 407], [545, 276, 558, 296], [584, 372, 643, 418]]",['2020/04/19-16:20:52'],"Counter({'car': 7, 'traffic light': 3, 'bicycle': 1, 'person': 1})",7.0,0.0,3.0,1.0,0.0,0.0,1.0,0.0
108,Point,"[151.214619, -33.961818]",SYD_MET,Foreshore Road (Banksmeadow),Foreshore Road at Botany Road looking west towards Mascot.,W,https://www.rms.nsw.gov.au/trafficreports/cameras/camera_images/foreshore_banksmeadow.jpg,['truck'],[0.6498625874519348],"[[219, 156, 246, 178]]",['2020/04/19-16:20:52'],Counter({'truck': 1}),0.0,1.0,0.0,0.0,0.0,0.0,0.0,0.0
109,Point,"[151.529815, -32.829628]",REG_NORTH,Hunter Expressway (Buchanan),Hunter Expressway at Buchanan Interchange looking West towards Loxford.,W,https://www.rms.nsw.gov.au/trafficreports/cameras/camera_images/hunterexp_buchanan.jpg,[],[],[],['2020/04/19-16:20:53'],Counter(),0.0,0.0,0.0,0.0,0.0,0.0,0.0,0.0
110,Point,"[151.403663, -32.723488]",REG_NORTH,Hunter Expressway and Lovedale Rd,Hunter Expressway at Allandale Interchange looking East towards Loxford.,E,https://www.rms.nsw.gov.au/trafficreports/cameras/camera_images/hunterexp_allandale.jpg,[],[],[],['2020/04/19-16:20:53'],Counter(),0.0,0.0,0.0,0.0,0.0,0.0,0.0,0.0
111,Point,"[151.361121, -32.668371]",REG_NORTH,Hunter Expressway and Wine Country Dr,Hunter Expressway at Branxton Interchange looking West towards Belford.,W,https://www.rms.nsw.gov.au/trafficreports/cameras/camera_images/hunterexp_branxton.jpg,[],[],[],['2020/04/19-16:20:54'],Counter(),0.0,0.0,0.0,0.0,0.0,0.0,0.0,0.0
112,Point,"[151.188029, -33.869692]",SYD_MET,Anzac Bridge (Westbound),Eastern side of Anzac Bridge looking west towards Rozelle.,W,https://www.rms.nsw.gov.au/trafficreports/cameras/camera_images/anzac_vms0009.jpg,"['car', 'car']","[0.7188271880149841, 0.6208643317222595]","[[13, 252, 72, 292], [218, 162, 234, 174]]",['2020/04/19-16:20:54'],Counter({'car': 2}),2.0,0.0,0.0,0.0,0.0,0.0,0.0,0.0
113,Point,"[151.188925, -33.890699]",SYD_MET,City Road (Newtown),City Road near Carillon Avenue looking south-west towards Newtown.,S-W,https://www.rms.nsw.gov.au/trafficreports/cameras/camera_images/city_vms0107.jpg,"['car', 'car', 'car', 'car', 'car', 'car', 'car', 'car', 'car', 'car']","[0.9898993968963623, 0.9895586371421814, 0.9728718400001526, 0.9727203249931335, 0.8660409450531006, 0.8474947214126587, 0.8097693920135498, 0.7940203547477722, 0.7798194289207458, 0.7326179146766663]","[[145, 172, 176, 192], [305, 138, 326, 153], [214, 147, 236, 165], [278, 165, 304, 190], [264, 116, 275, 123], [306, 124, 321, 136], [286, 126, 302, 144], [311, 249, 370, 309], [292, 108, 304, 119], [96, 275, 176, 335]]",['2020/04/19-16:20:55'],Counter({'car': 10}),10.0,0.0,0.0,0.0,0.0,0.0,0.0,0.0
114,Point,"[151.212861, -33.891569]",SYD_MET,Cleveland Street (Surry Hills),Cleveland Street at Crown Street looking east toward Moore Park.,E,https://www.rms.nsw.gov.au/trafficreports/cameras/camera_images/cleveland_crown.jpg,"['car', 'car', 'car', 'car']","[0.924422562122345, 0.923035204410553, 0.7467158436775208, 0.5302215218544006]","[[490, 350, 520, 368], [553, 328, 575, 342], [538, 310, 564, 322], [590, 307, 610, 320]]",['2020/04/19-16:20:55'],Counter({'car': 4}),4.0,0.0,0.0,0.0,0.0,0.0,0.0,0.0
115,Point,"[151.213658, -33.865977]",SYD_MET,Eastern Distributor (Woollomooloo),Shakespeare Place near Macquarie Street looking east towards Woolloomooloo.,S-E,https://www.rms.nsw.gov.au/trafficreports/cameras/camera_images/shakespeare_vms0003.jpg,['car'],[0.8408126831054688],"[[94, 485, 169, 545]]",['2020/04/19-16:20:56'],Counter({'car': 1}),1.0,0.0,0.0,0.0,0.0,0.0,0.0,0.0
116,Point,"[151.207124, -33.877991]",SYD_MET,Goulburn Street (Sydney),Goulburn Street near Pitt Street looking west towards Darling Harbour.,W,https://www.rms.nsw.gov.au/trafficreports/cameras/camera_images/goulburn_vms0108.jpg,"['car', 'car', 'car', 'car', 'car', 'car', 'car', 'traffic light']","[0.9879493117332458, 0.895948052406311, 0.8619844913482666, 0.7695355415344238, 0.7247301936149597, 0.6614378690719604, 0.6370630860328674, 0.5329093933105469]","[[39, 315, 126, 360], [213, 201, 246, 231], [154, 239, 206, 280], [305, 144, 316, 152], [259, 159, 273, 169], [237, 159, 256, 169], [315, 143, 326, 152], [196, 138, 203, 149]]",['2020/04/19-16:20:57'],"Counter({'car': 7, 'traffic light': 1})",7.0,0.0,1.0,0.0,0.0,0.0,0.0,0.0
117,Point,"[151.205222, -33.874167]",SYD_MET,Kent Street (Sydney),Kent Street at Bathurst Street looking north towards Wynyard.,N,https://www.rms.nsw.gov.au/trafficreports/cameras/camera_images/kent_bathurst.jpg,"['car', 'person', 'person', 'person']","[0.9572269916534424, 0.9116064310073853, 0.6722089648246765, 0.5766143798828125]","[[533, 380, 613, 442], [710, 517, 746, 595], [128, 457, 176, 558], [657, 335, 673, 371]]",['2020/04/19-16:20:58'],"Counter({'person': 3, 'car': 1})",1.0,0.0,0.0,3.0,0.0,0.0,0.0,0.0
118,Point,"[151.212496, -33.865804]",SYD_MET,Macquarie Street (Sydney),Macquarie Street at Shakespeare Place looking south toward Town Hall.,S,https://www.rms.nsw.gov.au/trafficreports/cameras/camera_images/macquarie_shakespeare.jpg,"['car', 'car', 'traffic light', 'car', 'car', 'parking meter', 'traffic light']","[0.9008585810661316, 0.8570187091827393, 0.7684881091117859, 0.6829761266708374, 0.6489579081535339, 0.5920213460922241, 0.5504978895187378]","[[371, 336, 399, 354], [301, 619, 450, 704], [195, 311, 212, 330], [243, 446, 346, 531], [427, 323, 454, 339], [807, 521, 853, 573], [408, 273, 426, 298]]",['2020/04/19-16:20:58'],"Counter({'car': 4, 'traffic light': 2, 'parking meter': 1})",4.0,0.0,2.0,0.0,0.0,0.0,0.0,1.0
119,Point,"[151.186461, -33.930637]",SYD_MET,O'Riordan Street (Mascot),O'Riordan Street at Robey Street looking north towards Redfern.,N,https://www.rms.nsw.gov.au/trafficreports/cameras/camera_images/oriordan_robey.jpg,[],[],[],['2020/04/19-16:20:59'],Counter(),0.0,0.0,0.0,0.0,0.0,0.0,0.0,0.0
120,Point,"[151.24183, -33.889715]",SYD_MET,Syd Einfeld Drive (Centennial Park),O'Riordan Street at Robey Street looking north towards Redfern.,W,https://www.rms.nsw.gov.au/trafficreports/cameras/camera_images/sydeinfeld_york.jpg,"['car', 'car', 'car']","[0.8816837072372437, 0.8422704339027405, 0.5093203186988831]","[[229, 71, 246, 85], [192, 54, 203, 60], [251, 59, 270, 66]]",['2020/04/19-16:20:59'],Counter({'car': 3}),3.0,0.0,0.0,0.0,0.0,0.0,0.0,0.0
